-- phpMyAdmin SQL Dump
-- version 4.8.2
-- https://www.phpmyadmin.net/
--
-- Host: 127.0.0.1
-- Generation Time: Apr 16, 2019 at 12:46 PM
-- Server version: 10.1.34-MariaDB
-- PHP Version: 7.2.8

SET SQL_MODE = "NO_AUTO_VALUE_ON_ZERO";
SET AUTOCOMMIT = 0;
START TRANSACTION;
SET time_zone = "+00:00";


/*!40101 SET @OLD_CHARACTER_SET_CLIENT=@@CHARACTER_SET_CLIENT */;
/*!40101 SET @OLD_CHARACTER_SET_RESULTS=@@CHARACTER_SET_RESULTS */;
/*!40101 SET @OLD_COLLATION_CONNECTION=@@COLLATION_CONNECTION */;
/*!40101 SET NAMES utf8mb4 */;

--
-- Database: `admin_panel`
--

-- --------------------------------------------------------

--
-- Table structure for table `admin`
--

CREATE TABLE `admin` (
  `id` int(11) NOT NULL,
  `name` text NOT NULL,
  `password` varchar(255) NOT NULL
) ENGINE=InnoDB DEFAULT CHARSET=latin1;

--
-- Dumping data for table `admin`
--

INSERT INTO `admin` (`id`, `name`, `password`) VALUES
(1, 'admin', 'admin'),
(2, 'admin1', 'admin1');

-- --------------------------------------------------------

--
-- Table structure for table `brand_table`
--

CREATE TABLE `brand_table` (
  `id` int(11) NOT NULL,
  `brand_name` varchar(255) NOT NULL,
  `catg_id` int(11) NOT NULL
) ENGINE=InnoDB DEFAULT CHARSET=latin1;

--
-- Dumping data for table `brand_table`
--

INSERT INTO `brand_table` (`id`, `brand_name`, `catg_id`) VALUES
(1, 'Levis', 1),
(2, 'Tata', 3),
(3, 'Oxford', 4),
(4, 'Adidas', 1),
(5, 'Ferrari', 3),
(6, 'HP', 5),
(7, 'Samsung', 11),
(8, 'Philips', 5),
(9, 'LG', 5),
(10, 'Toshiba', 5),
(11, 'Amazon', 9),
(12, 'iPhone', 11);

-- --------------------------------------------------------

--
-- Table structure for table `category_data`
--

CREATE TABLE `category_data` (
  `id` int(244) NOT NULL,
  `datentime` timestamp NOT NULL DEFAULT CURRENT_TIMESTAMP ON UPDATE CURRENT_TIMESTAMP,
  `categoryname` varchar(244) NOT NULL,
  `category_active` int(244) NOT NULL,
  `category_status` int(244) NOT NULL,
  `parent_id` int(11) NOT NULL
) ENGINE=InnoDB DEFAULT CHARSET=latin1;

--
-- Dumping data for table `category_data`
--

INSERT INTO `category_data` (`id`, `datentime`, `categoryname`, `category_active`, `category_status`, `parent_id`) VALUES
(1, '0000-00-00 00:00:00', 'adidas', 1, 1, 0),
(2, '2018-09-30 10:06:50', 'Automobiles', 1, 1, 0),
(3, '2019-03-14 05:30:07', 'Two wheelers', 1, 1, 2),
(4, '2019-03-14 05:30:11', 'Four wheelers', 1, 1, 2),
(5, '2019-03-14 05:30:51', 'Yahama', 1, 1, 3),
(6, '2019-03-14 05:30:54', 'Bajaj', 1, 1, 3),
(7, '2019-03-14 05:31:04', 'hundai', 1, 1, 4),
(8, '2019-03-14 05:31:07', 'volks', 1, 1, 4),
(9, '0000-00-00 00:00:00', '', 0, 1, 0),
(10, '0000-00-00 00:00:00', '', 0, 1, 0),
(11, '0000-00-00 00:00:00', '', 0, 1, 0),
(12, '0000-00-00 00:00:00', '', 0, 1, 0),
(13, '0000-00-00 00:00:00', '', 0, 1, 0),
(14, '0000-00-00 00:00:00', 'Rolex', 1, 1, 0),
(15, '2018-11-02 09:03:30', 'asdlsad', 2, 1, 0),
(16, '2018-11-02 09:03:36', '', 0, 1, 0),
(17, '2018-11-02 09:03:52', '', 0, 1, 0),
(18, '2018-11-02 09:05:43', 'asdasd', 2, 1, 0),
(19, '2018-11-02 09:05:45', '', 0, 1, 0),
(20, '2018-11-02 09:05:46', '', 0, 1, 0),
(21, '2018-11-02 09:05:48', '', 0, 1, 0),
(22, '2018-11-02 09:09:01', ';laskd;as', 1, 1, 0),
(23, '2018-11-02 09:09:01', ';laskd;as', 1, 1, 0),
(24, '2018-11-02 09:09:02', ';laskd;as', 1, 1, 0),
(25, '2018-11-02 09:09:02', ';laskd;as', 1, 1, 0),
(26, '2018-11-02 09:09:02', ';laskd;as', 1, 1, 0),
(27, '2018-11-02 09:09:04', ';laskd;as', 1, 1, 0),
(28, '2018-11-02 09:09:04', ';laskd;as', 1, 1, 0),
(29, '2018-11-02 09:09:04', ';laskd;as', 1, 1, 0),
(30, '2018-11-02 09:09:05', ';laskd;as', 1, 1, 0),
(31, '2018-11-02 09:09:05', ';laskd;as', 1, 1, 0),
(32, '2018-11-02 09:09:05', ';laskd;as', 1, 1, 0),
(33, '2018-11-02 09:09:05', ';laskd;as', 1, 1, 0),
(34, '2018-11-02 09:09:09', 'sadsad', 1, 1, 0),
(35, '2018-11-02 09:09:09', 'sadsad', 1, 1, 0),
(36, '2018-11-02 09:09:09', 'sadsad', 1, 1, 0),
(37, '2018-11-02 09:09:22', 'ksadm', 1, 1, 0),
(38, '2018-11-02 09:09:24', 'ksadm', 1, 1, 0),
(39, '2018-11-02 09:09:24', 'ksadm', 1, 1, 0),
(40, '2018-11-02 09:09:24', 'ksadm', 1, 1, 0),
(41, '2018-11-02 09:09:24', 'ksadm', 1, 1, 0),
(42, '2018-11-02 09:09:50', 'asldkas', 2, 1, 0),
(43, '2018-11-02 09:09:50', 'asldkas', 2, 1, 0),
(44, '2018-11-02 09:09:51', 'asldkas', 2, 1, 0),
(45, '2018-11-02 09:09:51', 'asldkas', 2, 1, 0),
(46, '2018-11-02 09:09:51', 'asldkas', 2, 1, 0),
(47, '2018-11-02 09:09:58', 'asldkas', 2, 1, 0),
(48, '2018-11-02 09:09:58', 'asldkas', 2, 1, 0),
(49, '2018-11-02 09:09:59', 'asldkas', 2, 1, 0),
(50, '2018-11-02 09:09:59', 'asldkas', 2, 1, 0),
(51, '2018-11-02 09:12:41', 'sadsad', 2, 1, 0),
(52, '2018-11-02 09:14:00', 'asdlask', 2, 1, 0),
(53, '2018-11-04 08:07:11', 'sadasd', 2, 1, 0),
(54, '2018-11-04 10:19:05', 'asldas', 2, 1, 0);

-- --------------------------------------------------------

--
-- Table structure for table `category_table`
--

CREATE TABLE `category_table` (
  `id` int(11) NOT NULL,
  `catg_name` varchar(255) NOT NULL,
  `status` tinyint(1) NOT NULL COMMENT '0-unavailable || 1-available'
) ENGINE=InnoDB DEFAULT CHARSET=latin1;

--
-- Dumping data for table `category_table`
--

INSERT INTO `category_table` (`id`, `catg_name`, `status`) VALUES
(1, 'Clothes', 0),
(2, 'Utensils', 0),
(3, 'Vehicles', 0),
(4, 'Books', 0),
(5, 'Electronic', 0),
(8, 'Laundary', 0),
(9, 'Furniture', 0),
(10, 'Services', 0),
(11, 'Mobiles', 0),
(13, 'Stationary', 0);

-- --------------------------------------------------------

--
-- Table structure for table `product_table`
--

CREATE TABLE `product_table` (
  `product_id` int(11) NOT NULL,
  `product_img` longblob NOT NULL,
  `product_name` varchar(255) NOT NULL,
  `product_qty` smallint(6) NOT NULL,
  `product_sp` smallint(6) NOT NULL,
  `product_cp` smallint(6) NOT NULL,
  `product_profit` smallint(6) NOT NULL,
  `catg_id` int(11) NOT NULL,
  `brand_id` int(11) NOT NULL,
  `product_timestamp` timestamp NOT NULL DEFAULT CURRENT_TIMESTAMP ON UPDATE CURRENT_TIMESTAMP
) ENGINE=InnoDB DEFAULT CHARSET=latin1;

--
-- Dumping data for table `product_table`
--

INSERT INTO `product_table` (`product_id`, `product_img`, `product_name`, `product_qty`, `product_sp`, `product_cp`, `product_profit`, `catg_id`, `brand_id`, `product_timestamp`) VALUES
(1, '', 'Shirt', 2, 1500, 1000, 1000, 1, 1, '2019-03-15 10:57:52'),
(2, '', 'jeans', 2, 2, 2, 2, 1, 1, '2019-03-15 10:57:52'),
(4, '', 'Heater', 2, 1500, 1200, 600, 5, 2, '2019-03-15 11:00:09'),
(5, 0x696d616765732f636c6f74685f332e6a7067, 'Cloth', 5, 1000, 500, 0, 1, 1, '2019-03-16 06:08:28');
INSERT INTO `product_table` (`product_id`, `product_img`, `product_name`, `product_qty`, `product_sp`, `product_cp`, `product_profit`, `catg_id`, `brand_id`, `product_timestamp`) VALUES
(6, 0xffd8ffe000104a46494600010100000100010000ffdb00430006040506050406060506070706080a100a0a09090a140e0f0c1017141818171416161a1d251f1a1b231c1616202c20232627292a29191f2d302d283025282928ffdb0043010707070a080a130a0a13281a161a2828282828282828282828282828282828282828282828282828282828282828282828282828282828282828282828282828ffc20011080258032003012200021101031101ffc4001c0000020301010101000000000000000000000102030405060708ffc400190101010101010100000000000000000000000102030405ffda000c03010002100310000001f720676c4c6862000046982524b16d00c418c43000069a30749912453612180300188608af91676cc35d9d2079d224a10c224822a6889208b6086094822491124888d9152088c2248589244492126086093088c543110c10d029222a44b1000459689a8e292ca3cae5f4f9fd479add6f5e58f4389cfb73e7b3d1e9f315e37ed70f8bb73af66fcbe9de3d1dbe37647a77e7b467a77e7e3aa8f6878fd27a23cbe4d67d29e68d67bf83053bc76b5f138f2fd03a3e2f2f2edee9781eceb1dfa3235c58f673b59e8e7ccd3adddf053cebe9271fb3e5f4a619a86521821b223089208b60949425208a9a22482048204822a4111a10c223162490949086849b443049c544d911821a9668754f87dbcff6f89acfd3f5f8b9f76fb66b83bb763ceee8f0f3f2ebe8a1e67ad59bbbcfe8eb11bf85b25ba5c5c19df632e1eba5174b9da9d7b38f5a74e5cbb2ce9598ee35db8352aa3d0f96c6afa6cea63787aba39bd31d5d9aa7cbad11776b3cecdd0b0f352da5ce8f49e77a9cbaf54ae7e5f4b22ec91190c489210c0010492069030434c108002129222a4111824c10021a1032249112484a495290454822a4963cdebf91e98c5e97cc76bdbe1b6bea558dc25cea6b4f91eff1758e557e8abcebcbe5f65cddf3d3c0ea76f53c8cfa1892f700b2ea954b46592747563d6b9dbe84667d4bb9f5e57a6a6ae5dabb65c7976f56f6726bd8b79dd97995ef9ebc5cee79ddeef89dfbe7d49e7e7cbe93a3e0bdf71efd071978fd520763131830004304304a408023201290449212904548211b2256e4e211b51516a2b73880d08515924c4311261118a9483179deff001fd1c68c7e8f9deaf266ed794358f4b8f0d33587cafa6d1cf78393edade7d3c4f4bab1e9ca5b6994de2e7776cdf3e343db6a5f11b3db4b3af39d1e9d98e98afba38d26eccea98682c848c8b5d7cdec6f0e97996ac98e3e8f2d992dcdbc4705a67566fc93e9c7a7cde8f38e7fa9e14b976fa44e32f99f524e2d24d163698c4c1a600000218000861118252420043088c223088d0949445b08a904216a2b8d82d4ae8918d8920492f1172fb9ebf313bcde2ae4f59dcf965eb706b3e33abd0a26a5d4e6fadcebc474bd4a97cb75b7b8ccef26953b2996122638e794b28d70b365786dd664b93cfb3d267f2decccba66a6a1876bd63939bbb8baf0e429c37cf2d3b785ace8bc7ac1ab1e827096ce1e9f7324fe67d46d346d1649c640d306818034000034c004434a860934026252088c14641118446111844644149093081288868f15d3f3fd0fa9f37d4dfc5b7877eb5489ac9e63d3dfbc7925dbc270ce9bb9dbdae3cb3bef6ae4cf9efab1cf8d7a073e56434d79353411e7dceba33f9ed67d1f9f8f7b59f25e93d0433ab6ca63cfa4e98f3758eb62cf574e7b2df1fb77cb7e0a383acdf2e66d36e8cda37cecd155d1cfdde3ba5cbd1f659f9bf47f3be8c9c5e372709d834c626369120000188460000098a008464950c10c223088c1292129222a4843082922232223444923e79b6d7f57e66fbb1471d3a1ab9364b7e9e5f465d52af3e37a3452e5a3275dc79cc9eb63a9e7aae9f3137edf3dd223916dde387a3d6d92f99ebed86775cabb65cd9b5e2de2fc783caa6ee060b8ef75bc847b70f4fcff003f1cde972672e5db6ebe559db9770e2bd63d4f0b568b8cb46ccd8edddfa57c7beb7c7b5ed3f0fb4922c9340da018c1a600034c4c100430140104c543043049821a04c126111a00656a6881244461152478278edfadf27bb423976cf0a2ee9cf4f6f8fb39f5d9051c6f59529775986fcdb2baeaadd2c646b863856c862cfacf52cf3d51e9e8f318737d853e3b3ea7b2f259bafd78f92dbecacdf3e26eeec6e7878fd0173e6abf559f53cdd7ea2b3ca57ec329e6d7761a90c5dac1c7a572c3bf9f6e67d37e6beaae7dab0f97f54946560301a63716368180313001000000180008608680010c100a8684a484c08a9222a488a921268f9e4553f5fe3f735f3e5cbd0ecc3b853b3167774b8fc7cdf64bc452befd781d29e8b2739eb3b723ec5cf3b9fee78b6739fa784bc1b7b13cd33d5d1d4e3747bf3313ba19b1a6ec966bcb1cdac6b3143535e5cb8b7cfac79fe7d9e8b070b3af77579cb39f4f4d5431f5e2f670b5f97d74fd63c27d239f46d1e3f63608da29b4c180c8c81a60d0301068006026000000000021820043088c54a484a5112904149111a3e3993d7e6fa3f3bcfcfd0d96798b3bf659e5b27b6aacf2ddfd171575b8cb1d3af8b7eac74e268f4ee5e665dd8ee69abafa1385d5ab9366bbb8fd7de7a36f9ee1e6fb6c9e03057b7e2f9addbe7bf25b0e9ce020c71d13c74aa772de2a8e9acacb45255df0fb5ccab974cb775b7f1edea3b755be4f58d3ce9b4d1b8ba6d049c5834c018340c04680600003130040304000009820049800813421a549a12923e7d670b57d2f9bd5c1cfcdacf50e6d573e875f9db6bb3b3cae69af5878e847bfcbe0d4d7b67e3eab3dacfc7dd9beaf6f85ed987d5798f5a77e9e479ec74f49e69e9e9cb279ff004fc7de288ebcddbcf4129e779daa73d34d138c39c2cd46aea2e6f52aac2bb632dd7e2e845bf50f947bff0007d0ed21f93d809a493492712a4e321898c00600c06260020c000006000000982182001304982004009304a4962347c3a3c497b7c7d68e39eb3b29d2baf1cf4f4ed393775746b3c4977e9d6799675f56b3c7d7d5b23936f6ea970cf6572f3fa7c179dd7ab1e8e5d7af93cb4f537eca7a1dbcfc6b3655bc65b98986bd974d72b40e58cab9d420e32efa942e6fcd744a3765a9767d23e69f59f17b6f232f0fbc68490a4834e9830060d03681b4c06222481c42446409831301031031304d00021a00040093049a0407c06bdd3fadf3671be394bb5c8dfd396ecab79c9e891b219b752967433cf3aea57a970f44632e5eb37f0a5b8d19eae267a5fc7dbd0ebc0ddcc7be7b1727266fa4c5e65e3a7a58f9b52f6571212f723c7b353a11c4eb52a097a14e39d9aa58ecb9bb16ebb3abfea1e63daf93d698fcde96268dc640d3a6d030600c018980c1a2603002324306260340080620620000004009881342004347c49ab7ed7c6a7af97b9cfae7c56752394ba92ceb95b2b85939e6aecdaf9ce29f45c3af3be865be32f4b9dcff003dcfaf52fe3c758eac7857637d5a6bd460a7b5ae5f2f7eab26b1743b5c4d61f3ba713363ec5a79a974959825d2b759e46bdb6eb183a71d99d3d5c6ddbc7d2378be6fd34d39580485241a74c18003698c4c01838b4600c4c1304d82180d000000000801301000982004a5105289f1a972a5f63e4765729cbd8cdc2afcfe9eecbcecf9f4f513f2097d657e6a31e8979f9c764e4e89adf96aea5cf08ef73b5924e9de6fb724b7ccaf34a52d9f7e5a6df3fcdceb4c21d097adc4a659d4efc9b25c965475e3ba78a5bc6c9e1bb58ec61756f17f5395d3e3dfe85b79fd1f07d08b0ce89260d346d3a6e2c6d3069834c1a68340c006818980030000000000001340002608010009a0407e738d1a3d3c2129cf59ceb64acc3d9e774f371eac961d3bb8bb7bf0de7111d9e8701596e1ec548574e296f9d55cd5f5d1396cee68e09bb8318f3e8e3394af74b9962b2ad38dd3b7976e7564b29bc6a282e6fbb269de3a8653b70b7e9bf32fb0793d9b533cdea88c069a0c2983060369834c1a60d34018000d03000189800000000000080000010d116980204d1f9e673b3e87828b24f598175667eef23bdcfaf26a8e98bb24a5db8cb31563529e459decaaa0b2993cda74d99e6b5747cc2ceb65591637b6baeed64e9d9d8efe7f3f3efeaebc7ce4baf64bc48f7e079aabd262ceb80fb467783475e7ac79ed9d8d99d723e89e1bd873ede906bc7eb4c000a600da60c06d3069834d0698003001a6000340c00004c00000010000000868134042624d1f08a2cafe97ced54d216c215cb6f478cf9f49d92c1c7b6bae39778db6e2566c8d16d965174ece7c7ab397972eccf58e3cfad56a623a3af59e576345b7354b15a6cb6aba5289da28891d1ae82ba7a5984f412e6dfcfde60f5de77dcf0f56c5657e5f4a1a01a1830698c189b01a60c1069803130068189834500c04c0000201304c1000982001009881347e7ba68b3d7e66b66bd638f5f5b44bc2b3d3d7670e5ea1ea79dbb64f59cba2ed5ac72d752e302e9e09633b7a72f99bba92b33d73b358571833bb7363d72e3d32ca755e0ae5ea5bc0927a25c3dd66d5874597cb26a8b214dc5a52b59dbf44f0bebfc7eed75db571ec86a5018980c01b4c1a60c1189834c00a600003000000626980982000000002100000810d00803e2f7556fd4f9b1d7cbd06a9e513a55d04d5374764b82f570ede6c63b9c9e6fa29a9e3a96b1717e54dbce9e7abe1c4e7f3df6f891bb3d37e9c9a3b70af1fa3ba3ca59e9d9e5f3fa289e4bb56e7c74d3d2e33d63ad3e672a5ecece2f5ee7a94d4fa73eafb0f29afcbecf6334bcbea435280c4d30600d31808c0069834530062600034c0001300000000000043428698080400200407c31f30f7f8b7cb9d69aacc66b1d0953b2ccb74621663959a8aae28b6c90f3edd679e8fa3d2792b3d96f8f0bd3f748f33d1e9e52cd39219bbce440e8d7c3af78ec3f38ecdf5e396b3ae34db2c7c37b9f29cbae0f4be77a12f72ee2f4fa72ddd9e5eae3e9f78b0eef1fb22325400c01803001823001a7434c000621800d030000000000000004021a81a280400a04009a3e3ba71ddf67e36baa1a26acbeac59bdfeb78cbf3bf64fc666cebdb4bc4571ed978426bd8e6f2324f47abcbcf59f5878e99e92af352b3699d6f17d75754952f19a30e6b31bc7a2baacd35385cd6aebb3ac16e8e9598eef558758e07779939af4b8e8bf1be5edcc4d773da78ef61e6f5a525e7ee9800030018d0074003001a600034c000681898000000218200000040000810010934008f855869fa7f32a87428b39afd3465f3567ae91e3f47a7eb9f3f7ed34af88d7eab898d55773bbd8e997659459d0b29d0b91eed69c9afd2718cba323ceb97a28ddac65bfa5774e7c3c9e9b95738e1bb5eb3e67a17e83cf4d569e9b042e5f2bd78c65d3ab9db0e375bbd9b3bf5fb3368f9ff004538bce81a0180d3b00600c018000d30001a600000310310310000000008000013409a0420040223c0c43e9fce29d318dd5a84ba639ec6acdb8fa19b9a2e937f3f5e64e7e2ebd1bc73baf8795cfa7b7e5e6ee73ed8b772eab9d7cb9e535e6a3b7d78c7773345cee8e4d735ab8bd4e2a6c7cdd9bc554ddc849e554d9e8d722db3199e996df49e33d2e35e8f85e7bb136be91f39f6f8e9dd1af17b4001a11814c00600d300018034c00000000000000000010000200000400804024d0211f3f861e67d1f9dd9bfcace5f615f9dd1acedb38f8a5f49d0f19b0f4f938b9e6bd767f3b24eddbc2acead1827acbbb112fa5e87cffa5cbb6a7c3eb75e3d67c7a77cfbf2f3d4e75e935f889cbedb95cfaf7cec9f2ecb3abc9d4cc34762dceb816efceb8e8ebeeb38dd3bb35cc6aeff0096e5dbabd2c7759eb3d3fcbfa5cfa7be33e8f17b8180003001800c40c0189800000c4c43400000009a000134000810d00210d08108101f029750fa5f33912ee4b5382bd142ce03ef5e79cb7d2cee7cec7d5b97c6cbdd6497c9d5e83b32f8cabdcef5f9b47ea7a71bf90dff0052ba5f9e7a3f4b3d6785cbf60b59f9e71fe9dc8df2f0dbbafaf59e7fa57c6cf4ebe6f9df6f1aed65eef4fa73f1747b1e26b1cbba302eb393973af53862ace85fe6fd079fd30cb753acd93cdcfe9cbb7f4ef21ec3c1f41123cfe88924a9820d2b062a927026272b02c184a0002602448a251615cc69aa040c5149a8aa9a890c88b24a3649252b518d935152fc23476eff00a1f3bced5e8a3679bd52f5d9df899f7684e4dd56cd65e8d1d1e9cf9dbf2f34f58bc7b9af7ba7e77a0f691f2857acb3cb297d3dbe3d27ae5e5339edcf096cbebf1795bd28e07521cfaf2b56ddfcfa717b9c5876e3ed6ef0f774e5ed71f0b774e7a791d0c297196dcea7dde275f87a32e6eff13af1d5a32f47c7eea6ecb678fdb7bad96ce80ab7e617494569b25cd857a2f3f2e59da92b736a95733599e6b7594a2f78a167473678a66ba882eb9e466b29657ab3c4d554229675b8a57a2c9e66c8ef9c999d397312f42acd98d39e9b6e53515ccc7f57e415db885ddc9c03b18b0fa1e1e8e5ebd12d73e84383bf527d4e3dbbc6cab3f4a5e769a3799b6f3626ea23345bb9d98efe1854736ddcb59c50b30f3e9bf9de93abcfaf948fabf13d78d51da77e1ce9a79ddab4597186fd14d93b33ecceeadb93770efc65ab175e5b74acfe3f6eed19d78fd9aaa85b502522374a12ca9965ad1454214dd49dabf9fb26a328de46da264efcb74b74ba3877ce36524b9797dfe24b9dca3a932a917c6a72daaa65976694478ddce04beb6ac174b39e38ea6fc94d69937e5859be592b9739cd7f4fe5756bc10aed57cf8eb3ab169b4a3bbcbc18e9e9f370fa38d43a19a72f45f3b9dd31776b9da77ce9d3979f677f97a795675f08b1bf41cdae5cfa63ec63cd8dfa0cbc4e6eb3daa725ddb8fa0c6b374e2eaaf3a93cf5677d95cb9a7631e68a6ea25865e8f53caf7b3bebd7c6b6c9ddcedbf33ea4b460d78de9b72cadd6e99e6db5aa2acaea95972b62533952983bfe7bbd35352ae5b24ecb32ce754b65955469a215a5d4a554d9596245d6525aa58d562212ae11a679f45713a7473b37b507659923a2359d6946757423c6b4fd7e3938165ce9765d2cf1364b09674e5c85675b470e6be98f3b24f4f4f0bad2f4393d3e46f9eb8d2b3bbb57231cbe80f3d236e6a8d67557432728a4d0b3a2c9504d4653e866f361742a31b0895f99eb3afa3c3959dbb787b3a72dbbe8b7c1f461ab36be3da4a33b64c911b546275d8555745a14cabb28d34d12fa1aa709a5071343cf0b3a55e79cb0aac650e3225ced88c4886f1645b96ab6dcc575dcac13713e7ee72e3e9e58cba63ad5615b6b4caafaebc7151e9f2da5425cea2cb4a91aa3517374601695bab274966b596f253963cea509552d8f344d8b206a59645c5045a96dd671c7a13d679cbaf3b39fd8cf0b39f57432cd5373bd3149e9e7d71db1eddcf121d8b3b71e4747972e7d3d6595c7c9edd8a53c74aee8b8b2c42a92b0ceb4d5657549595e7d74476b4717b19d2ae5059e8a2cb2ba6ca65d308b33d1aabb33d96c4e5adb9ac75c21634e213a51a0cb23446a64e3640bb67275e6df1865abe78269e417427e9f2f3e7d3cb6535eadfbc7167d352f3a5b21650f4bde28874a32730f43926b1d9d296b3c88f6e9970efab19d4cb44f59966d3bb59e55fa25be79a7b198f7c2d2b8ce755bba49cdcda704b556e5cfb42508e6c6d95335a3a1cbcbcba76b463bfd1e73359a3a71bf5c61f3fe9ec89671ef64a8b56e4a39d74a7cc77335384b55729ea42875590ef79fece35a64ab573a034e3d5594e9c9704f2c4b5c90b9da84e5c675ef2165116aad16c5449a214dd41628916594ed5cf7138f230a23ebf1dfbf9523b6b8b24db6d176a11514b2d85d54ebc32b2c55e797b30e15d2dbaf0d9ac6daf0ab352c24bbf4f2acde3a2b9f2b3a4f0c53a11e6696b64f97267aba388f59df8b3c66ac86739f5b6b8578d5aa88e7775d85e37aefa6fb9ed5bc9e94bb66a5c3d2e6456c052cc8282ea52cefa2a365b91596e32690b2989d82add343a6e235382caa95713a2ea4bab115abb3599e5664b9caed7a9446e9c512b20048210b8a8c64888d46f866b25e0d5b5f4e781f5688e71bebacd5f499c9b37c04592b39efa329796fb541cb7d647269f45cf4e53dd56f3923b946396d46335b322d91aca699266afa94cb827bef5c55f4aa4c31d3618a1b830cfa374bc9976ab316a3a6a6ba35e77ae9d2b9f4c4ec77317015c1b270cf784e32823558a4625ccb0ec2ba3a38bd7c6a3a734e941d44e3052db1cf1472aa9d4b8aa25aaa76554eaa107548b4849670112828d962891284d14e8840cf7d776a65cf744896042d195e2e954946a6d652aac80113966d24b8fab1d867d35ef15ceeb4a27b3145d5bad6556ecc44d1715d3d3a4a67b4971d9d0aa6a10d7131cb4d918f64ec9ac64f1274b56092ea59ed2ed59a52d11b7311b655a4a5025c8ee9d9742b72db1aa6b28d56955b9e5666ebf1fa29d3aa8b26b56784ac8ca3095f3fa19cc37cabd66cac2146c74516d49590859a255296f2a4ab3ea49371813799d5f5211cba5c996976320dc8ae6e751af412d6a76908461658b3d573a6ee569335ab5d9cf771667dd9f74b5556314ad84d4d4e04e71b48c89a42e825275d92dd06e583a269293ceba551a60734aa71958edaac96597464894f2dd5646a89aa11701092c9243942038aaee6655659d26ab9a73749a55702d2a72a83a09b82b993a954e492628eaa6a0eb912b2a99322e255ceb585a9a138a3a1c809a240909058d05148591a42e60c2c8301a0974cc162c05a00a26068a4336720a7a4258a0b0884b8ed0b36a0cea2011ac09a03620955e057a00aaa09639c2c9d0166d41349842900012e541bc46612ef805938016c0259402574054902460163604f9c096a0273059208ad0513088a0affc400311000020202010205040201040301010000010200030411121321051014223123324150152042243033400634432570ffda0008010100010502ff00f809602756b8083fecd8eb5ad59cb75f55a595b282c1fb6d7f76b554d975865d979a8cf9193d616e413ebac5af07c578d49e2b5b05cca6d8d975286f13a81fe42bdfafaa7adae265a32fabaa7aba60b94cea2cea89d59d6eecc4af49d97d15456cf0fa0d6703a6dd2bea899576d330ec5aa63e42aceb426cdb75265d77018359aeda0f4db25f9dd478b2bb57974d8ffb9660a337c42fde3e63b84cb20ae529574ade363d895f4b25d850fa5a6de7757c8b042ab8dba8209410c2dce705329f55a3b4c82b8e5b2d6b53e2fedfe4af50fe2cc8b678b34b7c52e33f95bc17cfc9b2737b71c228bafb9eb46b7219e8b2be850fc6cafc51985792d690d600addf2315ae29897d07a794c6ea32acb7281aaf4e5302f2ebfb7b1c56b919cd7356c1a7c460c27554aa6b696f4826a0c7ade56bd297e81b39b3d79560c35bf15a7fa297ad15c17e2acbb3ecb8a96339966096356d88dcf545a0514280f88a14e1b84af1f42dac20baade5e32e4a261d094e3d151450b5f856262ad3517f6d3b6554d4d77ee43a8b059858f7dd4e3f496aad388e49654fd44fdb67ddd6b4e3332aa357148b026389e9017f4fc4ddd3ac5b687c637daab8f7b757d4d372eb0d52be8096e1b33fa5f6dde1fa1e8ed895de253418d6948ef921ab57f51e9176d8b5cf4a8d1306b35d58d5896e35732fc2aa5176374fc30e009918e82253a6b871957df5a76649be33f0ff003ffdd13878c58843d7dce39335e5b13626c796e6e6c4d89b1e5bf2d89b1373909b136213af2dcdcdff00dce33c42de95342c400a3d20cae9ec8aa011b97b907315eec86567c87aede874dc2d36354f5ad59b5db53d5725d6e9722edae45c17af7983272140cab998645aadd76d0cd0c46454635d5efa61906aa0ac1801c9b27ea635499051e9efd0e36e3d06aaf247238d47bb71ade32ccc501b3df55663f2a6e5b9725cf431b27af46b628efe43fe8e87fb47fa6e6e6e77df783fe8788387c8191a38ce186bb1ed1ae1b392b2cc9a8a75d56aab25389cca96645cb607a52c15d3663cc9097060b0f220ad8d02d92b47316b625ea82ad44acab3aec32136575d8cbab656a80f01a5362c619c69b28c9346353d15b1b7088efc50926aea90d63728ff0072ed5e9e409b5ba793ae963f89355662f1e98fd4f79bff006b2d8ad02a871ab9d13532663d656f1606b14477459996d66754815ba75fd9cdf8f145e005a8898cb5ad9914853c17ac882050205e4d5f8758d13c319a57e1d488b8b52ce280f0430a09c274604d4025dc1a639e50bee12376d8143beabdf6472509091ceec41c8e3723604e55bf2eada9501e097761fab337373909cc4e4a67259cd6165132ff00e2a74ec6a5d5941966f9a691bad64196377d55db975053290a42b24f54bbf53583cb7142b1b28b96261dac13110414d2a47903edfc0f983cb909ca163abf20555956696773da5cdd353bd90480dbb7ff0095834c14b59d7e9a631e359215729f763d4ac28438be23fb2d4d097dcb7b50a16778ac0b3a299660f22d8f6ac35195abf49ea2ca0339c8f0f1d1183609e852c4c7f0e0a0508b02c0ba9aee445f820f1fc6d4436aaceb087946df11668f32d0b718e3d6cac375d8e95574b6824356615f60d041a353afbef74a99018ba2686e4d6af36bf930f0b563e2dfb4c3acad558d05ef0d7d806006a1204c875e3aafad758827852eeef80a55e74501e1384d6a7e7cbf04c6b019c370e842518072ac8fb5f54c1efcde068b5f29a843557c61115b93686dc7d3b57b703d30df4ecb056bccd96fc061c554f189be9dafc2affc76b2cffb40e59a8b0f2523cb40c74ecc8d2edd39755a8ca2cd4ea65aa29cdd61b708d6ca9c183508f266026f7199a563dac34c9676b7659956a55ca7b6bc9c9a526f3335b17c2a9a4a80a19bb6fbb1dc4ec2dbba4f5e40746238330596eba39571bee5fbb7b3be2abddd8954f11b409e139a6860430fd9d2f315b7399da5a41dee69a6cf240acb778562db1fc3f2140aada8a9e0cb6b8832296651a60499cf51efd04bc3c4b111ae2273d4712ec8ae64dae6365d7bf499999317c36a45d7000c2d0985b88c8cc4a2519d55833b8ba1e4879b2cb6c3acbc932bed1098abb03b27c35b60ae8f7ae42696783dfcebfd9d55fba8d54b545d6d7b9ea1d3bf743d949d976116d2612ae3d1e3cb30edd742d46eb80e8f7f019565112da6c96d34ad76babcc8b1ca1b55c2d5e216b57e194874a2a49af2b7b4df933ea6578b289bea9c65507aaa6160d0df5cbf2fb2fc8d4acf657d4eb77a981396d6d965ebd6c3acf6c3b825df23f647b4e4484df4c9953e9adba17875a2ded63146cfe4fc6fc9b8bcb7c3b16c9fc6e521d6756d7b6a95c6f10c894f85e3d6e388135e44c5ed2dee3ed9939494cbb205cfc0d960c76df4af11d2f869b2746c33a2f3456753bf39d586d598572c6c9533c3ed1c957a5626c5b41068fd9331503929e51fdac1804af9195b7b86b8c1dc88a619f88231d7913d87c7230b18a612363b4e51984ea8dd992baccf1358a2fc83460194e1e88c6f71ab947a7ea9a0c6a7b0c7d87c6207a579e9f45a8213d38e0b8a954b2b18d916a63a378a21ea833c36dea63fecb971b2a604ef6f77b9764a72f6283b56f66f6411be5b8a46837d4dea17d0e7dfa837d4d47b446b86babd8dfc67aa510e7a2b7f22b1b3ad9d4c9bdac0b54ae8bf2a51e1895b263813a7c22af7f883ed68e9ec6f85d4f886bfa8fde3a8e7f33e4658f6d95838d7b1bbc3396e7fe3e1f94d7ec6c53ceb43cd54173a65e234c001a21cf2d73ee1e7310dba1cf6ef7096e7d40ff25408fe2a00fe46eb21bb3580b325cfa2b587f1c49f4155528c247655ae95c9352372c8ca14787254a138c3f7202578c41d9d484038b37696768db80808ee0bb5e34f92a59b379b97dc4b39313d6ab1ebf5271149b31db630a818f8dfb22e7aaada15ba16ea76e5b359d97d6ecb954bdc02367b18f76699d4c9695d4d71a7c3d6d83c3d942516a8d235949c711503add8bc5ea5444bacb16bc1351a96af7b5d6d8317012b3c7883a8cda6ea2836daa01b578d77e83dca57d4a827350cb329589cb8d9625990599ed2574ed34e82acbb522a25ab8c40b5fdb6e1585333031bff00d3fd9b5c55c5cc0f5ee8d664ce795ae7971aab6c9e98ca3d46338f102cb5ff0019715f0eb82dd89dbd2d65171ede9577b22d6b4916615569af06eacd8d93459d0b7ad658ae0f4b0c2e3db90c9c2aaba83935ab2dbe599a88cde2804f5d7ba9b2d6059b7f31cdf035860dce50c204d6e36f921da900c0fd1962fabaaf3c6d2c5db02af7ff00ba3f4d65693a235d0ecf502cd5fd335e992a51171fd8b40e2b4050d8b593463bd760cdcca2aa7c4b1f6a94644e8b01ab08e3492b665d4322fd55d5bf26cc8cf5a8629e22ab326cab21722b6cd7c9a22364db65a2d7c818f12a558bae3adc222af7ef36dcd5a1857bb09db97e17b40dec5e3cab2d8f764e29caaf1fc12c715a0aebfd98eec88a17a89aeb0e46f1aeb4c7b361dc746b71d3046b96853c41bd8354dd375b71a98993994c1e37686fe768609e25e1e4dfe298f49cbf10bf34e3f84d15a95a116eb92a439760976ed38289cb197da57b76e53e0f79bf73b739a9a31feee3c6131f627f911b1a25b1db6ce4898773626482187f51fafadb50da429bc021bde7653bf10da165a0a3e4f046ce510f88ec7add46cebdc9cbb0c39d699ea2f22916b96a516c15ea54290bc456de1f7b70cfb7951eb37023d8b59554c8434786d438ad87dacbedd77e3ef6f9fc9fb8acef07212bfb740475db70daf0ec7edf82a7d82be4de10fd4c1fda0c9ec6ed8ea0e5d55d9bd78f5bb1b58c3d579d0d9f4e14f4c435ea0afdcb413171cc4c63171e74c28d172f590bd84ea05c74aecb6aa9b1e9348eb9bfc4b1f1e65788599b4d03e830dc2b16b2555093a8cba24ce3ee5ee1beced3e5940213eeaf5c988e2bc8c4e48b4bed3c313861ff00d4ef37fdbf3ff638984111e9d38a872140334b15274a74e0ac346a96257b15a0d05ddbbee0eebb550414760ba8ce04bd58aaa5d6ad345d90f69c6f0f37655f94d462f22942d711374f1ec9dd4fb557e485577fb7f075c4fc87dc561c83f70dc41f6dddbad61d4ef39ee62905a9d1a7feb6bfef14eccbdb5bc73b2695e560ac4b5579595c468bdd6d880ed341b1c73829e9b57ed71ed509df33e90726c6c6ad3a4fb3767f88ee558fb6a6b448d630af98e3d40275bb86dcb1c45b402ce1a1784fb5b65396c884fb8c73eee4436f931f92c3a7ca62d3cf1f015930ff00edebfec91a9f70c25e6092b13e930e4c9f35563929ac724d71b0f7ad58950a1eedd65196e44ad74d62a236519737aa28f5a63a1095e565b658a71f8c4204e6d19894e5b5b6ee20648dfaa583259a7a89d79ea0c5be75819d41be6213eedcdf6e701d4df615f51063a8b70717af4eb5fb53001aadfa17f88d011b1eb57c5522a5aaeac0af254117d72a640eedceaa6d04f30097dd55e5b516dd9abc2cc9575a475dec6aebaaeb6bc785eeceb870a275c7239293d5a43964c6b2c30af381445adb469331b0baa2ea404615f143c572692991d3edd39d39d23055dc5022636db1b1d5e9723996faf80bc713f5df9fedf115bdd60e55e3a8cac2e2f8f6dd88ab0e2d6b1c61a332e1d80d5506b2aaf92d75d8a9583152b606aa958a509674ebc726d3636464d7582e397a8dc77b0a746c3054a2748ce8332ad355471ebab9359eec6aac7bb8d78b55d9d61b1cbb61a8538bb5e8e7b72b8af70bdb5110f10bdd04df19e1279663b11915f7bb5c44fc7fd11fa27d332aac03db4e4be1b6478b26443958a635f86ca97786c4bbc361bb0baaf761161761882ea01f5585a399870666195ab371c364e5b6439ad18f105912c5629695e8ac040a6cbc17eabf0f73ce165568f0b2d6be6d5895d8c6c66ef32d55314ffeaab1994c4d5cbdca7b83deb7d373ee2cd37046655e166584fe4ee644c7c3bfd453e5f8fd9753b1b0c4c82b0da1a3fcfb217ac4e604ea99cec2db6319019c500e038f078b5b6968dae2e0736cd0f45c97f6ebab56adb550788d748c2c37894597d8c69f0f5c9ccb7226e2fdd86aad65b6bdd6277a69eef77feaff00893a9cbbf29b9cb903be3d27e79f51fe40517e44c2c73457fb5e53a827527269a24848cba0514515f098f5879663dc85a8618f8cd8da3914a27ae559d6c7ceaf2b1aca202c08c9253a2b6145e249f713a3c88950e6f8b88a95e5789130f9aab39c9715d29107b6a3ab2d3fe937df7373f1b88616fa22ed3f8859d4cdf03adabc2fdb2aee2a760201db5df423cc86069afeda6c2a9d4b7952e6c8c0ad8a36b555eea6be5159e95b456c2d1a6df182ddcdc2fb9582d3d2d18899b96f9566bb792ef6ec28ab8983b376adb7a8d6b32f39b80ce539832bd46d70a86dd01bb37080189fb6d761f6a09c67c163b8ff0019ea358e80d95fdef59dec2cea2b5c7422be8ab6a179c8e83185a022254d6c4aa911336ac696dad636f7370c0366ae4a2cc575b86298b8cbb18e0ce90e66b8d50db550d33a1168eeb8cc6163cb1d4ca98cf08b7a947edbf0a228f631ef0fc769eeb7090eae628ad65dc9f9295b3e5c77d19dd4fb8cd3ce9b16e9ae83528b6daf643370cd19ee82b766af1b84e98685340a009c7db5a198e9b2c8a5855b57c73cba502fd4451d4af66d5e3a6a0f2e027fe3ff00fa5fb23fd175b5f8e2393cff000ff1ed304ab8b7b373ed67701493af6f560bbb1b98af59c86785e6e2ee74dda0a0c14f735810a0115793574aa38d98c35154f59fb865e351dad157b6bb080ac8bc344435e911795c07755289d811c6b7542997e11dcfedb666c751da133a835cf73739716c8d59109966b5b8187904b0c34bc5c69e9d40e92eeb4ec2bd23200ec00b597bf45989c6512a4f657c5235860b0f3ad90cb0863615d58cda663c4ea3403d87daf5682eb4abbe0a419f92c0be153d0a1bf6c5818cdb9b9c8cf885a02c671b2225800a3916a1428a1429a74a6bd4d0e0ff007ad4e57a45404f770fa3afa75a97b6cc6e98615f2bf9b2dea1452daaaeb4980eec4d8b2ab0f1ea9eaf5bea1b01b0e9e6f6f6b71651f51c95808e8d9edaec79f103ea71e4c3dc3f1fb5e5154f2af1c341889c7a15935514715f47b4a6a6b3d13354b8b6a2e42ea26857c7db67cd3535b5de895b2ef562a04c7afa878538ea1e3f53896e359ff8ee61d377f6a72da55b643d8fb4ab7b396ed53eee7a66cbd5b45bb06def43fb1b6d6166ea370eb00d38f562b722854594b73553c87ed5534b52131f6102eabe1d8802320e3e96ae99c3ab8b51914a3e4654f598cca131ed19955958a8adb4f890647c7a5992cc8c549cb27242d75d4d599715e97b549b4742ecd5159b59e536aaaa5fa0d7a46b198a1be6ecdede586c79c088967287b956e013dd3d4049eb352862d2e70d077992edc7148ea7c337ed77f46be228b1816b9bd9cfdc1f6dd40b37f4ba8cc2cb3b39fa7780665535f4ef46c795e4e4d71326cb69b2acabc0ac212e02fd3e46e1c2cb3b5d922335b6418e4cf4ea22e32714c504d5885a7a26d8c38717bb51d8d2e0f4cf485078f0b522adbc75738e3ef45d4a41d5913645257d461838f947f6c5c74d09355df73b6d797b7abc60b770b9e1d432db23591edef7d9f4efb0915dba9565305f5a0236529b3d57b5ad2e475a7499e2629dd787c8d3e1e48afc36b0dd0a454454b5ed166d3696af4d98076293a4392d5f4edc6411a806caf14f4969fa99e359545a41a58713f017aa70887b3c3dbb7edbdda4e7af76db99011cce9bc5c6b58af876471b302e516615809c6603d2308b84597d09296609487034a9e1cac6bc1aeb3563a99e9e2e19165585ee08b5bf5155daf061b8eecb099cbe8d640973d645f90a25d68636da65797a0d9427a9dafad3d3f5839d7908d6e6affaae22555188e5623913c235fc7e0b7138f922e3fb57a8926840050b3a09b18d5165f0e5e55e1568c457b240425365abe0ef572f6984d7cad0272d865e36e9cc0a016c9a500f1240c7c5006b7c4893eb497194db6cbfa8996dcaac86e166415965f6467682d3c55d798658d67b5ec503abd80778b458a0a3720b312a40e70b1dd72f1d5063ad8de1984e3a7896b3e47ed5ef227267945e6b75c9257d4f67caedd76e4335ccb32da7ab611f3419eb67add3ff00213ae58b6436972327887ca27a59161fe3efe3e81c4382445f0f31b02d8b857994f845ae98f86ccef4f4ec18f63b5f84f4bfa7efe9c93e9750e36874468d28155772951cf877b5072b3eea9fe9f2d26532898b6d69e1b58e2fe1c87aff00b55b15275002b7f76b69d9713aafadd867d7305773cf4b6c188484c468ead59abd3deaf8e39655069750045a815c7a847549b4d9aeb65af1b6eeaa60aba6976784adf917b0574ad62fb6b386a2e7c5f7bafbb5c93824e9f16743c00e269115417cbd1aff00c28dd74d2cbc728f55d471c745e9a63d7c57fb7e7f5c988c62e088987b871f8b26306ace2902ac4d4b29e32b45e54d6a474407a163d4dbbb0ab72bd7c382cf5a99010e2d54b8aaaca423a6cc38fbc7da9d85b6847ab95ecbb7abd41b06161f4955340acb50f4fa7c22a7b42295b7658bf3960f721e0eada5b579c2b4a9b4ee7576ac0354d88ad4595ad76d3725a3f6a159601dd42ac755028667acf728aa46ab3293c6cadbd96d9f52adeee9626cea64e2f2b2ace57348b2976c6aafaf24db8a52feb4ff00e37657194a0314ad3522db9c7140aeae5a1d4dc2c7769dc24f2ad9b7c06b33b10ebbc8d731bdd2c435a5ba6e815cb0615b727c66533d6a3db956e464581f8d98369bb1bf68e390e3efb1007620ca19b6fb59515d2718089b52329d5423777e4f3a6bcc8522aec6c5571575b15b172c5cb7584cb719799a6f02cad298ff00465753dcff00e44717b002bf166d48ebfd3b1d9ace654f70720f150471ca7595908e2f97dd2cdb40dc6c07ea2d8bc6a722cbadeaa8f78f0ab50d1fb466f6925a358822e402b5bea585de02db2ddd5ea95dea05d91b82fd2ae4868d66d43933a8dcaf1a3ae06d4aac899575095f1ba915dfd1bee14d98d46c6f9273556b4af2ea8e02c042dcb1b21486b8efa8eaeb76a3580d45a5960d73221b3b9bfb2dc75b20f46d72b8ae465e3f573432be3d69f4f08b2b61e4b823b8fd975b9a3342ddd6dd0af20ac6c92d3abddadd91689d61b6c94d0bd67a951065ea0ca061c858726b256f4d3d8ad17242a9b1437f2d69a52c45899621c84d9c8431f2eb2beb53433122e4b18bd730d37146a6d522a0c063cf49b3fc747c0aa3f87005710f22a1657577cd7b91e8bd9d910d79350e16637db8e35426399879b6536d36ada9fb1536cd3b4e9b13d29d29d361383414ee7a782b649c2869e9794b69e26bc6e53d3d7ae82edf10aa8c7dc6c69e960c5625702c6347851dd384161c6efe9bdb66308d8e20a0035a6854092b4154e9ee36002d660c38762435da27d559d7b14ae56ce471626e588dcebbebe088d755565e229b68c42c33ece560b3a6b93ab6bf0ecdb1333f63a1c7880554454d8e2bb2abb095ed52bd044d711af4f5f0f4d5f3e0e45956a0e82038b86b557835345c1433d35010d09050938a86d0da8d40144014c6a51a5f86046afbd389b2156a5cbcde096e5b5b663665a92acd4bec6d146a91a5f8c035a8cabc11c5b4958091297f7655ba76c8676cebbdb99927a97808c53a8716e22df0ac2db7fb5f89c966c7fb67b4ea24e6b3f3fef77f3dce53737385d385908b1672b4477b5601697b4d88dbb6756d48b7bb417bac5c8d94b4acaf3f4c72aa609751d24c9ac85b471e7dfd477eb868f76cfa90b6fabd9379d8c9dcebf67c9468451cf2739165fe205a584b32a6e515966af2389a330c5cc899019cba94e0803eb6c3ddd856e15a0ab864f8aa7d60a872ae7eae4639f715568acd16e79d4b20bac82fb61c8be7afcce6322f9ea7227abc810e76401ebee9567314a3ea529d9ec63ae76c57b04eadb0e4e409eab267abc813d66409ebee833ef96e758e37a3b9ca00f3934636c16e6efa96ceadb0e45d0655e2636758ad93e2056dfe42e9fc85f3f91be7f217cf5f7c39f74f5f7c6cdca87372e7a8ca9eaef889eee3f57829738e26626a538df5bc431c8b98d6a2cdbb575e89a88ad11599f157a776215898fb66c7b167d406bb2ee7535cc829b9a2e35da7a2d8d5ba84aed2785dc4a5db43699d3b599a86e55d4bd461c2c729643528c7bab38de1e2bd035c53608b7301eaceabbc392c2175041262b329b5da78a3764e9dc02f4efa7da887dfbf70f9d4d6c91e47dd3b959f86dcd4fc60ddc1752d3c8fe07905335ec3f1b1b6f99657b9ad09bd40ddf666e1669c9a7369c899ca17978dd58cdd6a8d5b9d39d19d233a6658b15bbe8cd4d18ac77f0548ea2bece7d64ad7998f7d39232e83878ef94dd3e9db5f067b7b454efb3d34d69054d6b052b5d06cb1b0d55eb7094ab2962c457f71e1b942810fdafa36d0044af7735538aa9aaca1465575b3251fe9bc5dfa9947bab8f78d04235590a49c74dbd4aad4d7f50089589904263f8977c3caed29b4f1cf2531859c947b9c6bcfbcefb04c07b39dc3d86fdac629d9b3e9e5d3deb6ff008c464ec87b6f73f289b2693be8760ba9f8c8accd6fcf977dc0c213e5d8ced1514cb87b712de9dcf6ee753b33f75b446b342db5587d246ebb11cda72794b45695962df27b74aec7e731f26fc36c6b71729d297c5beba697a48b422e705a6ad5d564234c5afea7d25afac16dea6cd84746b77278b32efdccfedaef7258b14dfbe90cc39f43232acea558f866f9562e35254a28e874c32f52cad7daf5f1bdbb56c4356bf3de5a34cabef3f00aeaca8cce05bc3b32b3d0c7a584cfa03d61741c859ca72ee7b41f2bf7d9ec0a4116b7662602cc38cd77ca5de3e2b06aabfb961f206301030111c3a10436e178d60970f78f93f3e7b9b9b9b9de32122f428f8d707461a63a8c4025c08594c3c27b54b15116c1ba9e56f15b480869d488772c0ac6cc7db63675f8a7ab89975375b1e8c314345ea227ad7698560205e48bc936d644b38f4319ab9632f0360362e9d115d60ed575d5657d62be1b8f5918f91522954a683e215a47f11ce7988adab506f5f4ff00fab7d9cbd9c97ac5b42df900f2d36fa8427a90b326d167843f15ac566dc5e478d7f77dd6e84581013c04e3b85605875340c5ab478f7ed361a787b1adab216c71c5b901032986188c08df64b1a3329f26f823908c3b4d4ef370f9881bbb57d4041a585a38fcc2b1abefd39adce138113503c57022b809c87927ddca2390dc94b5b4022ac8c9c68b7e35f14594e2e4dc96a645238d05e897d94b4a8cbb99a3118f3b3e6cdaca6c44ad7ab6c4c62d2a6c7f4f88f674754d15bf88d8c454d64ad156d67002d9a85d6753b73ddbcbe987f6754732f2cb34e960eab712e34caca36dc478465585b16cbd8d23e285d867d386f7729d482d13ac37d41b779f24032bdf2fcf69da641e196da7563b8202a7c8848535029e5dd67c8df6fca9d4b077579c883b13b4da01cd612a41d20e5b820b781b7dc2b7e0d5b10aed37b9de183bcdf7e53bce467330399d582d221b675fbf544eaceb0d31566acbd66cca2d0db4905ecaeb534db056f5b576118f51e9dd919079dc55110b74e94c809aa2ab1f3008f75f6ca8289cf43a8673f77506bd46a35ec6751f5b785cc058ab33086c30dac6750ec5fdd6e52ad609ea14f85e2dff004c28654f9adbea662f0cc513435aefe47535e466cf911b132539d387672a48fa7beec26e071c43f71ee16f78b1b7b6f8fc2cb47163e5f9f2078463b3c60dc3c81dee5d56e52fb023f23082468c6dab3ac2a7507f6d4d4d4e3353467ba0ef3ea2c5c93cd320035597333d7c6cb1e92fea5006cbb76ccef3bcefbefbd4e338ced08edb1394dc0ddf608af4038d4d4d76d4d08144d09a0272d44b8735beb28addf29d9d3f3f33bf9684effd3426a1867c1c6fa57d1f7357a8c270105627081480097ad3e584fc833e0ddff1afc0f2f99b541d8cd0f3dcf98bde5b8eb2b69c8797c13a2388d05d797e3fb7e3fb292b0f1b21a4aaa3b4d2d908ef37394dc2d394e537394df96ffa52a1ecbd3a62c6dbf79a3381d68c2a44504b588ca7475e58d690cfeeaeb3ceafba183b407b4ee201350af99f2bcf0bb9c3d89d7976807b0f79ae248d4e075a8e0ef4792ee7d858ec8530b769b9ca6e6b7e7b3e75910eb6d3f2c409dbcb737373737373737db73977e5394e5394dcdc16f72c8f2c5290dfb1db47cb7394df9779a681198fa5b388c6f70c610e3000630d26d55abd33f7f3dc6f91dd391df4fa98f43cbab0d0a9588650415c7df4f5b83dcdc60d4de86b47bc51b814ecfc4dc206ad5271b0ece54f6e9f6307b60f853b866f7036c0787bc6ec47c0f9ca5edd92736f3d4d423cb7393404c11bcab6dcb0f66dede303347cb8c09b8d4913a677c347a73876e9c351056ad8e8fb8d33a7d8544c4c5660714889477d143c794a310acb062025f104b3d21ad690674fddc7b32681036bda122280f38eaae1380de871b0fbd9a05df9b0ee874c6af761dc10df58aad0fcdecafb8401a91ef53ab7626e2b6e36b55eccd8a9db8825ab50edce77e0637cff0086f4d87f472ab3dfec670213a8a74cfa13a8162baf321419a0d3898cb17bc7af843fd8c027ccf89bf23e4def6d7752d3bceb58006a1c1c42d021572ddf158f55c8e75d5cce980ea6999c3446e33972b421d55429a4b857a6ee4729b9db563d8b0be3565b2ae63c7a9056a0f1dbeb45557438f2b1d78dccbd52feeea115abedc3ff00a725ba68c602dc998843b8bb2d0c0dbf2f83c83004ab5395b0d8bb8b7308ba940e0ecbc328f63adc4d8610fcb1e414f2af8188b5f12dc84f9ac92677995b4626390f167ccd407b1023aee7caf681bdc1e72dc3b06cdb2769d842ca57b4dced3f13635b9da7280c3f2a74c4c1e5d487442ed20cb624b63dd0e33aabf3e588fc5baa788604d69d59d0613a9d2bafb8995ddc52aaacb0b7431e1cf31b95902aa22b7bd5b5503391e5cbbf3f6a59eeb2c24bd9ee6b3ea753751b007e6a6b67dd6a4e98f7b87660790d0707b7687b4e5a9bf2043c292ab195c66adb3a752aa2cb47d51dd46e6e6c9877a46d93b420ec36f68e7a66d695bb4bdf941bd371baac47e54e39dc3de28847919b83b1b07124cedadea16dc532f5efc14d1350af96a083c88d792c27ddf9aacd36fcb7373945309d9e451865d808ba868450c7a4d30c9aed7bda74998af444f528a2cbedb601ee078b72d2b340defe5d819bec489bec1bbbb4e539ce678f2f772f6961c4342e0c2f1984e5dc37b77099b1394d983710b211c1a5549588bb501b772e9fb30dcee211b81bbb7bcf39c7514f31c7455818cc4c3f74ec254facaf88fa210cdebfa080738f15f63537b0dda7c83c94b8d11ad797e3535e47e7ccf90336446afb7427484b2ae216a9d286aee6b9d39d22253d512d36b1e94e9182a686a208abbf4a74b719089c770ace33502ce335346779b33934e4f0f2d779a3072d947078b4086719c6719c6711384548283a18fa8a9a15ac453bcb04241a680910ed6371215bc812908579cc81adc2750f6849dfccb8f183de2bff008fe0ff00836c43f318f62dd98f21befb9cb44985bb2fbcea6e0f2dcdea7c4dc3de6bfa988de47bcaf84b1b941f1a8c3b8f884ea03da719a267655e3b8ff1aedc788b07b500d3eb63b065d1503675bd4d796a7184096ace32aac19556383da0b39dc50795a9ee5a899c7bad7b8b5c09eee2a268c0b6415ea55f2a44b54be35878c202cdf309d89215984ea048a418c0c043a7fc7015701f40f681f89b936b84e4d487bbf68961e27bcd791f253a8df1bec60860976a19bfea3bcd91394efe5bdf96a1d83be5157b58bc4309af6c2766b236df0509295ea76101e435dbc801135bc93a8cdedf8530778bb9aecaaa65aa14f6806e1f92a74abee653b3dd80e200dd6295d2549be9805fee9c3729abddc750ea0ecb580ccca258255a962894bf1abee0b3ed7222c3ed3763ede95344e5d9c6e2eddb8e9b6182f6867ff1adb864c3ee5074dbf693dcfcee1f8b5f5064313350c301d4f9027c127cbe4432c5262abec433737370c588767977ed0fc0fbb5df888cb3535e421f2ee63769580cb98deed777ef12711351ec213609f2ad88af51a5635197bf0f7ba888ba5d290655f74d4d1306810772d40d0d7b087842cdbdb9893f20e87100b40792f7d987b85244dc3f71ec5a16066bba8e52c3ee0772f421436c56e503fc869f77f475ee3da58688308dc1083e564277019bec7c819f207f63364c7528106a2aeccf8107cb89a8476d4f8f21f1a8cc3753c3f52ce13fc966a524f2b581655ee57b2ac5ed0a8d38dc45ee7e7ffab0f727dbf257e41555e40f96db62033e604efaf738f72c00a907938ee586a1ef2bec4fc9fb98f733f067e35dd7e3507cbc5eccf311bdabdd97bacff2f89da6e7cc3a300061d410cdf63e4469986a030fcc13b4dcd766f80773b41e58ebd2a8ef5fe2be47cbb4f98c35e434017021b447733993e4a78d74776d6e71ec174a04a871f30bb1aeeb186cfc2d5ddb537b77ed07dc208bf1188887714f63645b62da223868e7ba984fb50ecaf76bd8f506caa6fa85a03b52ddb976f2dcdc1f10c63edfc1f9e42bb46d6c66f7b01cf7b62ddb97903dc9f713ddbbf9fe7b412c58bee59bdf9779f30c10fcf09af3f10bf93ff8fe35ecfc9f9dce421710becf2eecdbfe87b058ec7856355bfd9f863a09f2fb0be40f68b0f9553e597ee339181e5676771cb6e069ee00062753528eee477027f8aec303a671feabe1577c89ee9f6d8637c9fe9bede4fe44edb206d03f242dd96c1c3908483e4676867e561f23e60ec6cab3ce5df7bf2d6a6a7c790337e5b13fffc4002d11000202010303030403000203000000000001021112032131101341224051042030611432713352428191ffda0008010301013f01fcf7f6b7466bdfcbea22b643d64fc9b8a5289dd99dd677ff0062fa8b3b8cee9de1ea9dc88e4be04fe0ee3477f7a33b1b66e2d59476646592bf79f51a97e94722d262834460bc924857e0ff00d0a90fa5f4e383729a1231dcaae886cd27bfbb9ba426acc57239a2ed991dcf92eb744657e3ad9b8a2d8b4a44749a3148aa1990d9dca33f2697a9edeef549445a8d199a54b7637a65693f228c3e4fe3b5c33b2fcb3b285088b6e3ada2ecb27a962664656c6cd29e33bf7727650d27c9db4511826b73b290a34574ae9659909d944b71c7a37d19a0b29af76a62974ab298d0ba5a322c6c94917297028d7258e449edb1dc3fb3a44d08ac9d23fe27b1a73ce37ee92a2c52132cb29147a8c97946ef8460282e8ce49382f2629ffe42d2879911508aa88f4db3b4c8dc19aab63e8df2bdd27d63f6596599166e35f239aff4739c8ed2f23d3476cc47921cd9a4f7a7e44ae0d1f4b2a9d7bab22fa5183297c9943e47389dcfd13d49256852935762949ff532f11dceddff0062921d0daa3243922df82306f91e8a9791c5c1d317f7ff004fa6d349b97ba78af064fc23399dcd416b6a0b5eff00b44bd290fe9fcc470ad8715563a8ef213cff00c15977e4938af3665d2ff4589962957f85a6a9f0474dfa7f44638aaf76db2c4dd0afe0c65f04a122a51e363f9325b362fa85f0435149fa89ead6c879354cd6f4c5445f7d99e3fe1f4d2f1eef05f26313281dc51f077a4ccd99331b3b6634416d7e08c68949449bc84ba2637d299422acfa35bbf77dca1bae0955da2ac4a8f2255b98fc0da5c95bfa8e3d5225a97c74516dec76267f1a67f1a476648ed98981889a48fa78d2bf790765786628c629f2547e4a5f22aaab3fc147c8f4dc9fa8fe3c4ede9c793b908af48f58ee4a469ea3a67725c9dd63d664b59b3465294b71e9bc88aa55eef0628ca2ec4252f0612661f252f929232823b877a439c9f9311df085163f49a51a351705781c0c486de4772688dd6feeda8a1b477052e0d46f124e68dfcb363312be0c5f931ae4ab29745bee5fa8926cc0c492a462a8d1f1fe7bc6c6fa4393516c28d0918989b23930b30292e49eaa3bda8c5297c96c5acd1df666d8b7e0d1da5ef1180a2c48a4c5130f93d08ca07763f0777e11dd919b29b3b68aeb46251175b905eaf798e277228ee44cdfc19ccddae4c4c0c4c46d22ef8e9c0ba50d7d96698bdde285128a2cc8c8b4873f83936141ff0085e9c47389dcfd1dd6fc0b56bc12d453e4dab9234fc9369702dc83af798aa28b5e596be4b89713245c4d8bf847adf076ff00eccc608b5e0cf63b8665a3d268d46566ae2f7e9b2a134f8f795b1c11925e0ee19fe8dfe0a63d8c872fd9b0a3628498b4bf6350e2cf47c99449492e114fcf4b43e4d0febeede05a2ff46ff05498b3f9327e454d6c611638d181db5e051c78252f0b71c5cb91e98a224575434ef72355b7bdf1d10c650b53fee78d8a4cff0038253cb65c0b82c9098f928bf1d2b71fab9341612fd3f795d11b9b9b9b8e2c8e4b82efc1a9293e4b164fc152467fb1b4bc8a48ca28ca07757c0e526ac6bd1669c9a8b4f834bea2b690b7f73defd0f5e47f22477e5e0efccee4fc1dd9d0a73e6ccb57c09eafc996a7c8f4f2fecc7a08ad4d3e0b9cc8c147627a55bb4609f0c945a2fe4c6f8172457a193a8c688de367d326a1bfb2beb7d2d747333fd09dad90dedc12c6b82931468a14d9919333664cc9964293f4a253bba25184b81e9c9791a92e489e48efa4c9707d17f5afba85d68a28afba8a28c4a4608ae944658ba3f6894579317cf4a125d7c8d94765f9d88431dd13782a174dfc1b891a758b5e478d1f4b0695fd95f8136f6fbafab2cbe96345142b5c0a62ae4e7f655ff5634d722e8b4e4c505fe9c7e86d21ea3672246262cc442fd1a7a7dc669c3058afb2cbfbafa57e1ae94574a4522a26313b6bc18fec4b71da128f916dc74dca314521417c180abe055f07a7e06a262869c7789a5a8a6ac7f7aeb5d1fe2a28a28c4a313128a313712b28c4c0c4c50dc5793bb0477a27750a439323b8eeacef53a67ed10966aff3515f8b22df83b8d726765ccce4273e59dcafd9dd93e11eaf2ce0b439b1bbeb5d11c142657ff19aba5f26f1d8fa7838c37fb5fb2ae988e3f255986c76eb8259dec3d36f93b68a1a6cc0c07030dc5130301c051a30144c0aa36f923a69bb685f75f4bfcfc74a28a28a314626250d7db45228ab2915d28c4c4a17e15f6dfb0afb25f6d145091451457e0af735d6c4f71fd95f62fc2ff02f67658faafc2bf02e8fef5ec3ffc4002f1100020201020503050001040300000000000102111213210310314151202240043032617114233342528191f0ffda0008010201013f01fbf4fd2a3660fe7c7e9e4fa8b855d8fe8e3191a5034a2682f03e01a511f08d11704d3628bf235e4d34cd0d8c28546c3e1465d0947175f3381c3af73e4e68c932537d88b6cdbbf26d8bd3b1765965df2625b9c55b7cbe1c6d8d3a32662caa463661e0abea355e972487c58a25c5464d977cb1a28c2cc4e2ecbe5f07a59190e098a271adf422b885f157632e27835d3ea8d55d90f8ac7390f7ea523729954511851451548ea7123942be5c552a2d09b5d05365ee4a4d3d8d663916597ca8a311aa2c5b0a5c973e33c60fe5b88e1cae8b42631d14cc4a2849949751cbc1424463e4c0fc7764465d2b67fb8b73890c255f29bb28711a2ac68b6647b4c5f666c8cccdf2474166fb1935ff0011f167da237293b90a68d4434a68e1783eb1747f365ce8a313131313616fd050ff00c0a3046af81710d4322d3291c5e9637534cfaa8a70f95435cacce265fa2a7e0a9187ec8c1374d8d47a50e315f915de46a57e25b1589331628b311c92e86ab5d84d4d5a1fe1fc3ea676947e57b9f731f2cc2261034a06935f8b3fd489ade4cacc9dd0ae5b446b1fe8e8e9d84a6fb518f2afd9451438dff4a6b75d497117bbf64e593bf96ab950e91947c8a712e2faee6845f443e012e1b8af691e1deec549da385bb6c7f61c6cfa98f7f979cbc1723091a77dcd28a3145232a350c893de90dd918b645288dfa6cbe5747d5f45f2f0b12bd991badcba1b3b0dd97e456cbdb63aba44615d793925d4d781fe440ff2626b459a88c8ccc876cfa895baf99345f7464cb93ec5bf05bf03bbba3fa397635525ed35e467c47d0d39cba8b8469c627120ad1a71e869217050b8291c58c631d853d893b77f2f343945aa18dc7b9a91ec67e0c9f82db2a6cd334a22845762c55d4724753892b21dcb323225bf6368a64aaf6f969c989334c712096425167f11b988df92ccacb2f93db61ad852a333222f7327671ba3f99425ca641ee376366459bf2ce8ccb6c870d9a50438c4a4692668a304557538bf8fcc6646486cb6872333dccc66cd197934bcb34a2608b48cd97cecbe4d7626fdbf332b34e4cd391a6bc9840d97632333232126caae5d47cefd3c41fcbc999165d9462514d987916c6e39afe95c497614643879669af23e1df723c3c3a1bf824daec46df519357b1dbe5e5b967bbc14ca9152299b9b95e59ed5d4d4ff00aa329b316606060533dc71939468e1dadb96eec7171d9fccb371c5f934cc0dbc968ea6225fa37f0390e5143e27e8b99eef07b849beacdb9508fa8fcbe5fb8dcafd9b7767b4a898aec3b5d4c9a14acc8d41cafa918f77b1928f414ecb1bf4a6895deff3dfa1f0ff00ebcad9fdea2856efa8ca115e9b16dd0e33ce3fb5f32cd86cb46c5a2d0a48962fa9d3b90515cae2bb994598fe849f81c59848c26693f228a4c4fdd44e2ad34717817bc47b6df27450b81134226844d181a7034a363843c18f0c71e1f831e1f814d47f146b1709f52a301caf723c5cba19f9134ca2fc8fa0dfbd11b93b24d5d1f52d396df0a8ae55ca9f25030fd954fa896fd459792da1cacbfd148a45231452291b934dfe4c8c2aac8b9c4ce3dc4d3e8487d07b71447d67e57ea43f45963f5d96596665f3946cfd32327d8cd74e563bf42459acbb6e4e77b320b37632cdbb9b0d93bcd3ec2cacfa995baf45f37e9692dcbf4d15c914572a2cc8c8d9f51c077d0bafd1957e4854fa72a1f1228727fc367fb145b170d23a0d965a2c7ca73d356712593c9fa28af4d73bfb37cef9db2d993352465fa1bdb61531b97ff21efd4b362cc99931cdf93337f26e7bbc8a5232626a5b48e2f0dc18bd6f9df25f67a1659659659919165966c36599199916252669c8d26698e228a25b0aae8d2dad1fa64e38bafbd627f6b1297734d3e86147b4c6235034ecd38f76547b14518212e77c99d4b1a2ff00f68e1f13c1b4b738f25296de95f0af96429782ccf733bea470adc5c44ba1a8cb13466662999991919198e46439199766fdd0e6ea931faaaf9355f7fafa6cb2d965965fa6cb659745bf4599163fbabedbfb51f4d9658cb2cb2fd1d45cefe4df3a1a17d87f657d87f0173a2bd0fecbf45fa1885eb62fbfffc400431000010302030504080502050401050000010002112131031241102251617113328191042023425052a1f0303362b1c172d124408292e1144353f10563707383b2ffda0008010100063f02ff00ec0d480bbedf3571f832f20058d8787ff6d6f5d55bcbe3d152792f66d8ea9b11078b6c9ac2cbd49519693c5633f15b94b68d941be910e7fcd9821ba2bfac2b8f3525c15038fd14473d9aa95de5de5aaa49f0562a8bbdf444f68ef00ab8b8e4f25bd86f3fba81999cd6ee3be2148f4b11fa977b09fe30bda61968f9b4542bec2a01e6aaea700118188b7705d899a9f989c5ed7b5c5b100ca3ecf15dbd5cc61767ff004d9dd577793400de626cb2076f703f1a97597b000378a39bbc14133c39a970d5431d96512d789e5aaecf1035d877a854c2637c164ccc9bd82ccfc81c34b152dc6b54c04315cc7e5d3315f9223aca77b267230a035b2392eecc8ac26e4388e5bee198dd66c3262782a611279a19709be4a5dfff00256ef69d72c7ee87664347cce3541dda61067cb5547e5e95a2f6e49aea5362fc9c81cd95dfa955986ce6e4dc3191efa9ddeabd3314b8ee0f25943045d4b019e4bbcce8a32e5e6d2bf35e078af64e079ade73594be6d78a6bfb6c3696191bdaa7be0b70f1358cc137dfc29986dc74595e648f8c173cc008fc88861aa39843d436a9fa4d7aa35a7f28b4ba5bc256e3b708959862deb5baa16e62691a224e23739f990382dc229acc7c219392f66f7b46b22c838e349038c4a1d9bdb5b92b33b10bdbd28a30ce5c1b4590cd8ae7e9c9437fba0d698401c7193828c5c505ff00336888762121117951244f35b8f341a9576c4e887773422ec378696e8513da4b80b84ded314b72b78f1aaf49761bb3e77654c38c25c45b82198d34015555cb92317458f68cba97220b5cd75c9057a4fa330bb184676b66ea31304e1e27026e8364cfbae53f172c68391bf52b742e9f55be379509a20ecb6b2a342de0d8e8a30c65cc69d028766b4cca2711c4ba11270c3baa63cb08cda83659598d4d113ecf139cd506f64c47261b5fd1c553d1fc334acb91c3c2caac27aa776582ff0025bccca138621261571083d177f13a8449c434174dde24715de78e20a01aeca9a5b8e43bf75d96673e754d60cf251776465d468fd9617a336d84dccefeb43c900366eae4b9a8d1339b5481ba41693d50670a9d51c277fa4f057bfeff008d657d963b2eafeaeaadfe6f55ba778d9039be9b2d3b690868137045cdcadccc309b41d15897174d0582338664d153c97c8ed540b846f0ae508d8edf72ba76671e88fb4f028e664c7251dd3cd62d2094fc841985bd6854b2648a71f150225343e207345ef7c372c5d075f16658c9fa95388ecd886ae720029f751a808ab5550098558e60a80609165dabb28702d89e309f8d8d0c39b2a0ee0b371f80eaacadfe4ffa68aee8e61709f2db65194a20c858f88d366e46ca635973ba1119a37b457e4a860945eb0bd21bdd343c8ab5b54db1908c8008d919e012b75d51c0aaca9828913e080891c54359987208fb375f8214a08ba978893a34a918589e575b9e86f1cca9f658679e8161e20c7cf8aeee3621173dd9f19dde728d9ba8906ee8909c0906150553a7929e2b0cb41a70433d5a4c381458c96e177cb40faacafdec1e3aa696f774f85d7f08e4ef582df2856aa5ae855b715482b79a7c9135caa5a442735a04141b99f184333bc2abb4ced3ad0aef00b339ed41cf0dcbaca78ca7b1c4b8d02ca2d34e889d344759517418ccd0166ca64f25ed1cd85bc5ce546cf551902b796ca212aeaa4a703f96dae2127e8bfea31046610c6f06ede6a975863786a53b8baa8e63bc9f72886cc2736e2a5651c6abf5b6a0a2329f99a7f84ec12280666fc46e15d5d548db50b30ab782a0f05cf8a99ccce2a23c0a6e1b585a0d5cbb6384dfd2234d177043aa513d9011c8221f836e4897339268805ae470decd2b088c00791154d2435bc73556f557e5b67985bb41cbd7aab6cb27389b68bd1fd1dc3bded7155144aa5f4427529c7358aa411099a7544891afd13b29502faa3986944c634a611522898261a1f01c781584d0e933e7f14b2c4c061399bde3a286abc850b782969f054af247332ab1b10e6977b26ca0d0d2250c3101a78a1901cdfa56a2baa6e57d8557b47d79290d93c7641b7e0d0ec8ba148eab7de020dc287343b7d6362bc113bad078050d598dd754dd0e6e09f6a9506f74d2ea379a115dc12b3b2a7f7430e44932ea234218d45c6d28c4102d54f6826720f1de4038771bf15978dec4398ed2a2e1705bcb54d6e981a732a7293a539a7387a39691ef3e555ea28e472802550fe06aa455540526023365bd1c53bb1c3389a701e6bdae3330cfcacdefaaff000f8048b7698a56f3cbdc6e765519444af15004f154158bf2426f441d4698822576aed2c16431078557653d548dd8b6909d1194e883f2fbbf59ff00858fe90ed7747c56335972f53755213313d2330c3089c0cb8d526861c8b4348765d6e0f4460b5d590e3a221dadc856701cc2194caa8857f528aa556fb0aad967cd035947b3c2047cee3016f9ff00a9c51a37b810cd99b86e3dd6a0e70cce500787aaecc28abf342ef057169284dcea1650e9682a340a9a286bb338ddc7459183762bd14f14dc3a870d164ffb674408320fc521102e851410a8aeb9283553932f36d1431ecc767c98c2be6b7fd1f1d83f41ed021ed30f311ef838657b5c2781c40cc3e89dbcd9eb0b547296955054c792de02500da4aa0129b3aacc4d210ec4768efd0257b5387e8ede2f749f24060b5de9389a3b12c3c14fa4be07caaa27aa01bb29b0e9cd6f474542148b9b26b5a6d78e2a26a89d6c164077ac79211743894c11644388e54ba2d74cdcc6a866a12edd9fdd386355f35940fd38aecce96f8a38bacb781aa2e9526ea27aec3eac6200e1c0852c69c33fa5c42f658e1dfa719b2a7fe98b0f1c0c5fe14627a4163f87a4316eb70b1471c3c485edb07180d4c4a96bf088d78aed1e1b22ce3a26ff00d3b715e7f48a268c67e1fa3ff53a4af65e8f8fe93fadfddf2505cdc0c2b6562cd8b388fd4b8adc601ea484556dc56565675d11739d989433595e82cb3928c950cbf1d9fc224c5554cade8239a2f7f740b2389894e0d4dc71dec3dd7744131edd14fc4cf042923926a25da98513d118d101aa16952173d9cbd4caf6870e0429187d99e38672aff0de9ce8e0f0bfc47a2e1e3b78b10ffa6f45739cdeec8a05fe231bb36fcaca2cf9733bf52ddf539aaecba88ccee0bfc5be5bf236cacb74c2a3dcaae7ab9f1d96556edacd15d383fbb088bf24f6627e5ba8ee853f0f13dd3050835d34a2c322d947c4dc1711641304510fde53a4936d7c534c19e9b06dea50476847d683b2a822a3305970aa78aa50293c1582a8541add694ba34a95289aa96d4214d951aacc78a74b7516563d99a8e6354d3855ad6ba2c3c5cb1da360f50aaa0dd94f8991bd1ad13856a5502b7baa1d22027083cfc96f4150a7688db2a76dd42a6cef0f342711ab703ddd02dd6478a8c215e4bfc463bf1313ff001b0feebff1e1fca1578225b4472f45c76378dca981055109eaac297438bb9a6e517d13419327aabd674e89bbd3595bd6cd5586ecc5b4caf37a14c7133520c20ecf99d86438f1e076627fe303ebf132601f04247bc9a655941370a36d79a928a6e52af45de685f9ad5724f20bf2dea30f07eaacc1e0bf37c97e6b8f8aa972198e69e0a31263920df47a9e483bd28b43c0a319de2b2e0b3fe9f07f4dca88aea50013b8c2ebc5366eae13cc04d91a1d50eba2d0cd1022d54669a42d48527409b11d118aeb5aa6b4dc7146091ca1638754f145aecad79aac6c0810e6b9be629fb2ca7c1359adcf5f89800d7826e6e2a851840edef29caf77412a30d9fee30a7b38f0473bdc2380855c677fb918c4f359b33638ace30c38745ed30cd34518643278d8adf0238e8b30ad57b43feefbfbaa96361bcd7686fcd3b14b861e0ea4d1387a0031ff0095d73d117627b47915251cba2af1453ab54e9721bc841f3446a54ea028e49b6e350a758469f452a352aa616e9737a2879cc39acfe8e64ffe2267cbfb2687704727cc4263dd9b8932b1da4771d4f8a024152d6ba16ee1fd50a342ef37c977c0e816fe23cf8acd27aa2ec0c42dfe57f8bf44c2c51c4517b37e27a2627585385e93dab635872dfc0c37bb2d60e42b7fb7c1686ea2479a1d9e2e1e25661a565380eddd5aa7172b9cf1a8aa9c37776c2ebd8bb9defe08ee5fbb44d7628ca39eabb1c36de85416e7c7d30da9aff4936a860b04728574413aa1bdaa973a3c53b2c99e0a229cd4bb12392ae21aaefb82b870e4aae5725095656faadd908972ae8ad53f54c76113fa9a176f823dab7bc3e6e69f1c8a0e2044c27fa4698911e5f148215b51a2a8ba09d5acc5d01cd18a8cba2e73213e92a27455b2f658b8984674d57b4ecf187ea10876d84ff4774522a10733b1c6a77851ca039ed245b10661e6a5f80cc66fcf82501838bd93ce8e194a19f0db88de2c59c48736b0500006e16a5763e851cf17fb22ec3c3c4c5245f89423d1dc1d310e2a1efc1c306a65d54dca5bbfc410830e25ce813f0fb4710d30b78ece7c51885412aa81d86457a2d1023c8a0b92e3b21c28106ba8c363aaed5930863e032668e6b78a6bb19d93f4a6b1b61f1476f361022954db2eeccf34cdda5ed0ada450a39b7abb04991cca7147fbad263efeff00ba6f150616698745c513f27a41765a43ea81c5f45618d41840637a3e21ea4396e1c7c03fa68a98fdb52623f9430d83b1c03a0403bdabbe7950eb20ec3374e708cb3ad611c479cf33bc9eef95b2b36aeaae5ea722a9e1c9386c2aa53753c95941fd9554ab20c7ea22ab2bb311eec1ba6e4ee93c61022c7e2b51e2894216ea1c7aaafec8c1aaad93478abb678a8cd23a2dd2495dd5bcd3e68436cb4aacae7813c94672fe8bb824221ec199080b25f5a052ccae2de6a0125dc50cce206a10c3ca5d5858ee2def6e8aa1d1185e3b018d142e881d114de3d1367a207c1510e9a29a2351375cd0cb7e29d984a21f3245e5349e9f15e7ea0de1b090d57ca10924ecb2b724382a04015cacaa0a149a591b3755f754648e4a1fa8dd1155006500d50339cd886a93b987fbacbe8ed12bb37b406e7cca6c404495c2ca82b6409a511b2721d38ae3a510698bea552e1c8d35554d969806289d9b450e99e49d508f153a42752d505339c9f8add0a95ac2b2b2b2a845694d9cd54d5024c42d572501aa5be2516b3faa792dee8b2501ba1bf5fd9333120b692bd9ba1b650076b88aa601d02a0256f11784e2d92354e14576814950efaad2554ca21c62792acc21d53ac8f21a2374211a43827c1940d140b2f141b603eab2d86ab0f2777288ff00317ff3ec7ffa7c42ccb29f053dd549e32a78857e49ad398d7e54ea8045d729b14469ce929d171c514694bdd0a094c350d5a38a6b706385138ba0ba2e507e78c115a59763e84630fe6e2aa7c4a225a57d2eb3176b484eaf4fbfbba31af1aa756909de69860df5549be888e1c3442495c8146e87346db0c58f341daa051533552b1dd31bb4582d7f7837e2c66f2b1b075ef85c3a20f17d138d9a13777bbc943e6663bab2b0cfbd6e09a4c53920079cca9e0b2c57a7d535edb9af242b1a2de8250999551caa8bd821aad56d1dfdd7698cecb823ccaecb0865f476580d50cdc6c2e8b454f3b2cc09bd72854885a6dd5776caabbbb6eaae13b2796c1c365912101c4aca1b6e28b01cad10801f15ff0085aa63c68656eeb6432dcfee8e7f05bf136b2734b828cd3ce5381375571cd36242027bc116c86ca233872ad186eb0dcd70cb15aaa56904acd9888e4a1ad27803759f1a65e3b83f759f10f41a056acaab977842ef7d16eb5ce5221a38ade712551b2bbb942de7b7ce54b439fd28138bb0e00a54c266ecc8d4a0f1874cd54e69a1f52ea2509d542f4867e9cc392710009635d1e036379d7e2d50478ab843bc74080ffb985bbfd9657361945980e742839d1979b90ed1e279143b2a9d60acb770d782ebc93a68e1f554abe382e078a6c896b8de143bba6c7820f24b5ba2cd80d88e2bd91cd8ba9360b3e23b3ba5406a1068b7bea85c9e48c61b447141e5c72eb0a7138f9782c492032d2d44173a14618ed344c7639f6bf27f75ecf7180d1a13b31b994d98eefec53abdd00c2c2c477bf86d50174e3b33704634aa847822d9a6231cd45bdd8dd19a96a2c1cce10fdda1b2ca2c10f8a9d66bc55beab76278caced12d70ca537b6c0f108efe281c084333f10f2cab7db8bfed0811da37fd36408c67f5c8a4bf1dd4be547f36ba86a9cb8b0bb98be61773116f616218b047d8e21c3e0ac30d9f282997e1013835b286e8c3e6a7b431c91cf34f98a99b1d28b7309a344587bbc3640ef263ad806e49b2ecfd086feb89c6112e24bb55d17a333df2d2e2a23baffdff00f4b137a376cbd1cfe8fe54afe5046b75bd081d42dea0281c33bcd34e69fdbb8f19684060332b0383a752b36b63f170aea0a2ae3677151ad5de1e086f3bc93aafa21b87c4a91861530c792df706f044b9c7c2a816b838f0cd64d716e1b4cd0b51924483c91006b3645a5c6f28e64ea8becde12100c06b45248c5f498b68d5ed1f3cb65566c4fca655c8e23ddbcb1b943968774dd7a31fea1ea9d17d500b756575e026e1e034c7bc4596f997189f8c506ca9dac925b2d1a239b34fd11761b09ca35283bb2198273b773fbcd844629766e540b0f2e18d7bca0e032cbb37fb2703ba40a29073b268e0505d963d435d354461d25d495a59516ed678afa2890015dbfa590dc2d389470fd15bd8e1f2b955da1ac12bb0c320eae7714414fe6d4d582de0e3b0faadaa10a5bc026c9b9f8bf2da36d135b1194009dc9a5656d2b2a64a0c73c3784a2359429c50e0475460273673348e2a8dc95e328cb6e256e94335e50e4aab76fc13317d28ef69863559b10d346f0f532b755d9b7f34f78f055a6c19acb8acb975956f506c3c90a4a302a2e561c19a7c5cec08a3c156fb06f55cc63e11004c822e84d11928501e2a5caf629a4231c155421b2b3e089141cd7b4c61e017f85c2dff009dcb36238b9dea9385e3886c116b4831aaa946668a8140164207aa042391441075565a54a7f277c5ca08f109c86b2170a2aac0801d47609fdc20e9e70a9ee9a7444baa0a20d952ad7576152ad6565144097ab667715bd6d07ab7502e86605cef9507631a0eeb058214abb600352b306d91a089d53a56650a50462a251cb79f754bf2b85aa9dd91761e5b83a2701f98dde14a11d17fabe2fd51e49c105d1725558980f738076f363e60a40dde687fb4a674422e54e884dd77412a20792b8e0bbdb2c551bb2a50aa15e28a21a25039b7c79052d15261104f48596a72881c93451443bfdaabfcf5422078dd08aea7efeff84d22c53afdd4d080bef68a86bc0a7486c5e4aef11d745865ff0097267842666ffc9948958b96ad141f17928f029a478ec341551b039b422ab3306ebaa2b63a85cb5400aedb12bba84957365e3b2daa7cd2a8494446a9b2b745a555f323dd432886931442e4dc9444774adecdd4fdfdf8274f8663f7f7e28025dc6a67efef9224386634145943ae79f15791c84a0dddf0342aa6b1afdf34727dfdfdf055886a3247529cee56fbd10cb49d468898d2e11c87308cb64c7b5c43cbda481cd6537754fc607ab46ab222446ab79c9b251b21ba9f4884152bba880c3dde088718830853eabdd9cd5aa7577a5332b4d0d50edc8c36ff00e90180d73f839f401667115ad28d1f7089ae89c378b85443a23ee8b8f5aa766992a587f955acfccda144448e47efefc1080ebccebf745105c40f74df9ac3655d27efeff859a686f9954387edf764dad456a6084ea1ad23efefc559c26c469f7f7c5330db57388fbe8b7c42cd526e10af8cac12002f044d79fc67fe15738ff429ccf3fe82aefb7c8a5ce7cfff008d0f6cf6ff005311cbe93847faa8bd8b98fe856217e145289a24591976bc10a621e134588e01aef19d502435ade8865be44ecc47e5f028f54dcad37d547a4623267bbaa73307d18171a07bf7538bf10f46502cb69de4d348d50a8d79a04968fbfbf340b35a4946663892a69a9829d98381444ba51b95e1c11834553278145fcee8653946baa738eef45ba749ba14698a03fdd11dd0d163509cf6b8bb5a5508ef8d020d8df14cdc561bc93035283c50f05cfe2d98b680c04e7529a155b6a9906e3454e92a87ea86702b4fbf252e655d266253721398f34c387e92f8281c6633179c28c5f467e1f36fdfdd14e163e18adaca08915e7f7ffb4d6b687a2c327e553961b92a5cee8bd966c57ce8817bc60e19d1b4fbb7d1000789154dd4cf0fe10aef744da50b6110499b470517772552a392babcd217b364755de5512bf2ec898cbc56657514cc7555b0fa845e2e9c47081cd6e55cb768e1164757f08faa04e59fe985e8f82d687769af14fca69fca9f8b7bd59a833e68c93326d5fbfbe28981fe9524cd1a378d5483af15deeb29a7d9e61f2dc53efec2040341a15860c446b609b7343f7f7cd5db31f7f7d57747eff7ff00b5305a4937bdd65c1c774659e450874c68426e23b009c944d38cfddf96c9d9694bea990ecb07e59fbff829a4f215311f7fc21dea1d74fbfe139a0651780aa733b8046043554aa9715391e7c501d84270ec83728b2751bde8ba12d21b6ea9b4dd4f8d38aa8faab5f58438acad92adcd5202879de0a955f540d7b4e051976f8b85e88d8d09ba6b1b5c171969e1f171e3e08d69d54993d573a28a5f826c7d141af8c2d0c04c33584c870f04de89a5b4e49b07de5426ad847a22dcc63412a01f3aa935e2b543234a800095525c843782735b700c847b46440953cd119450590ca3443fa6a9d4a4832a83fdab0eadaac59cb1c42cb9a9171f7f754c6d4dd089bda561668120465e28b324ba7f94377dda809f0802502d8e9752d239a01bbaefbaaf4ac56fb8cc8d8587878d575c1f8bf74a3b85770f921b8408561e257ba17798355de195099e4ab3015656f029fba6899ba9d2d886829ce02238ae14e1d51ed1c3ba0850c671b8594344f552d020714e2f3bd7e49c75916429a1b23fd2a5ba19281b4d38a15bb509e1c511352d06c8b478484d7b987994e06b234d1340e164e06959010dc93aca1483144f9b4929ba68b1358d9a85ba642d7346695e9125bdf407bf72a2329f8b41038cad6d76adf3a53559633030b7a1b0614ba626c85c53aabf18d10e08c806b747521dc10a0f24fc8ae6dfc7fc2813462c590d0d8a01f7f754d8c46814aff7438e5b9433b857efefa266f0d147d1145cdd567cd507f752f2e3c422ebc841ae646ab2b5a3cd38aaea2154abcb46850a03e284d9382194f5540a030aac83a2deb950065519c39a84b40d28846f0ecd38e1e8f4e9906eb0e22397ae7e1f12b339c0cd611cbbc1d45397748d4aae504427e5278aa1711ad6abdd107ce551d29dd2ea9035ba90fa705ac444283640cba9c1771c48e28063166cc1bd10199197857539d1873bcd5d538f05388ecbc9439dd0d13b3e291e08066625dc0219f15ad31637f25f98e71d602804ade2e85278c5d44550a422355ad5455da8a289008a2e3a2900cf5587873ba7bd54e136c3401c439a4d16ec1e4a80c37e2c1d00a1165df8e3cd385f823944f054056eb554691b37bf6477bc1509baf6be8f86e68f968506b313b370f7311372eef34d1199b17449dd4e33fcaa4c71e28a03eeca034a3a704d41d511552c2f26d080cc4bdc2c2e80f4939dfa6136e800e1e8f87f23057cd1786fbb2bb4910e0b5eaad29e2627c5365a7aa3d50206a9a7e4969597336fa9aa2f933d217194e97653a6975bd872a5a607655586d23749945e0578a04de2dc3e2ddef00ac4aa30596821070aaa0a71530d5bc688d4ca0084e01658ba2d22845154807a2cb1da6070e083b01f2f6f798455365b94f1432d49d2c807c0e65697aaaca34289ca50904cb6909d5395a29213f08c35a2ef8459e80c860ffba5b53d1075de6e53e78dca6d79510033553be9f7f7655d05809b2075f2944db2f8af78b5c3a2706cd5b26a9d1c4582a17c0ad0a77cb3a3a65103bd3e4b338381eab2d5d149b27c6669cb45840cb9c29c161b5c40c106e54b5c2787c58532a3bea99f8120226003e6a18c394593b318f0573d3451049840b64755cbf64245fefefaa11c56f65a18aec16e60aed301d95fc8c2c9e9ed8361881619cd9b072f7ae137105cfbedd5436324acd6f040968ca35288681784f76365b4c2cf8ce030ac191572f6becf041a61b56501f78ffd2032f546c7a20e83e4bddad2a5443b82a8316aa1dd041a49952dd4689b640b78dd0b826910b29c969aa961773cad53c0f15168e0b7bbaa0e41513f7d53a0d1b4a20e630b9b97c161dd8fe909af777b5f8aea04aa113c93b31ef5779ca00ff68447ee89944cd7c82b2b0e88ebfca1c792eeebaabc745dea93d15f7a66a88ca64556576f689dd83c380ae5b8210184f182f1ff0068dbc1565b6a26bf3472945ac73bb3e6faaf6afcceb550763549ee35bfcaed3d24b8ba385931cd3d65d747ba2566990a6b5e68dabcd58665cef6aa05ce87378d539de36b2693569d1348b8baa133ad14f3a4a0e6779076f13ad51e8ad7e28a0e716901a792debac2387887254744739ce06ba8596472f8acee8ea8127fb269391a6a2b54d894200ea57fc212e10b7c8845a4c85145fca9113c4aaea3c17f0ac6d74339f357cd5599840010d1cb2e237b5c1e7fdd30fa1e235a7ff1129cdc9ed2c9f07b4f4834e4d45ef24e22934aab590337e250800e9d54cdb88424c8e8a22a39a11a23bc213785977aa15caa0ba2a5438f442aa056a816e13a3a21da6e81a286d68053a2706d9a65169b1d023e8f88f90dc39696d141787e1fd42a7c4dcaa6bb2206cd512554abaef2b8514571214485570557aefa8255dab297514b5f94e842ec8e340e5aaa3813d50af92eaa65470d53ab746ea80a2e901666be856fa3ed3e8ab8c3c9476c11cf89408e532b763cd77683921459a2b752272adeea87a403998ea1e4b170dda18536ca25637a53b77b5f66c41cdc500aecf10d79accdf895d7795cab95aab95de3b2cbba08e0e5bec7619e550bd94396be4af417a2ef9f25478f153470e4acaeae1441f25002df164f196c99baa63e8ada2b6de4a7c50cc40ea8d01a4d1458feea5a53bda782b843b46d93a62ab748caa332009b29698364d39da4735838a3bf8a208e6139b8872e10ef9fe161e41186ddd684137119df6fd4263049cc61df149d9757a2e48cbaa856e50dee2577abd10dea44af67885d5b112a3b21c4e53950189dab1bacb414d8f48cd9b468599a310f545d885775a4ecd6540627593f9943a6c08e4565bcb494733a22caae2020734840911e2865507820184d50a8215a152caa81435aa6348a1705ff00c79752e53b05bf34ff00cac260b34484d6d6d29d9bc933d21c328bb471fc5ef0f3571f875a2efb7cd7782bd3fcb50aef555c70512aab2a00ad15954394ef2ac5b5520ade55b21a551847784a71050ae88c1d8eaa775a269d2a15d36a156cbb42ef05eccd3f84432a78a97932aa8e43015bc550d159099885e1629b05145735862a5dc9614b0f785d7a1b62830ec9ed272bf8a27906a7725560cdc577885de74f55df779afcc7f9afcd779aa623bcd6539fcd7e63fcd7e6b97e695f99f45f99f44eceee883a75414010bbf4eaa988e1d0aa633fcd7e6397e615f98aaf5dff00a2b8f2597123aaaaa2bc2a1faabb82dd73bcd0ccfddea57e63bcd7e63fcd7e63fcd7e6397b5766620dc2c91966abdcf25ee792f73c95d9e4bdc9e8ae3c977abfd2bbff0045df3e4bf38aae33d1e88d4d136bcd48344d0adeea6bb292c8aa11e56460232d32818892138651c138f32b8a8def3420baaee2bbc53835e7c951ceae8028cce99852316c26eaaf35316539dd3fd284625f92073378aef36cb2f6a88ce887179589bb4a5551ab2061ce6813ddacd28b2fbef742b2196414750ac5009a0e8a7658aa4ca0e360657a1624e8e6d7aa7f6acd22450a7529320ace80cb25506cbab7adcf6f5a2387894fefb278d542bec92ad2adb68ad755b8f535572a84ab9f3f52c14b7bedb141c7bdef04386cd0a8d5735208436d5130e067f945c40b947936145d348696e89b84f3d962c5d121e5f871ef541595d1d1c9ac2620d67fba74e2011a3a853066f791782d4e88d6d5d50f0b754663bfc6eb01cd6b9dbd643331de09e4e73ba80a883c3f9fbd55e99f5fbfbf058a7346ef0582241adf44e326799b26c5626bf7f7e4993c13e1a282fe0aa0792b6ece9555e3fcac6a8baf68678454aed7058f88d42f478bf696d13582d86229c56eab522178a3d553e5d53bf85424ab0b275344d2eb2303dde2bd18c446211f44332c97d131ada1909ae6936d538ed9d9015958eca21b731eee22d3750fd344760d945128516f5153648d9c7657d6a954f328a2d4df96ca970a5658a688502de648eab30c38f1415c00bbdb28b13c956cb290c8eb65444779962d72969ecb1f4074e8a5c3b46bb8ac4de2d83dc3a207bac6db50bda02d9d7fe5121ba6850027bd728e62ea13f7f7c961f54379bc823bedf0fbfba2dc78bf155209ceb15a63efeff74ca82e94e73432392cb02329374de9f32c6ef4f44cdec4d291c94e2be878dd6e32f773a87c9182e7b7fda9a1d88338d1975930b066b953b171406e1b24b437f94f71bb9d54445251ba1981995e29f5a437445dbbde1655106578689d9c1040a79a6483a774689919a457bbf72b0f11d7ed65d45b9114a4298042c31641a100da6daa850228a457671521569b6756995985d38710a5536f24255ea5199543b4f3d9c3f02db33055b1ba837d0eca9bedbadd34555154dd42a0a755884c5d0321142cac251ecd061df60d0a2d6c61e213305398d8385a17551ed5a70714da754ec5c396b67bcdeef9281861fc5cc4e735dadb8266b5b78a777bc42c407870aa324e59364dca7de58bbcdfd82643a4f54fad82ea0f34017340cbaac4ecc179e2db0f14e2311f97ff00a551e686362523f557c4ac51e8cc2e23de4c7fa462e56fc875f05970708bc685e7f8461d947e90a3d2310bfad827f1ebcd1e2ac40ebc932f08804dd3f79c282e9ff2e60536d1c82a343810b138c19aa135e5285f5b3936ff009835534b0a159b0c8cc50639d30a740893b63675d94575472e3455a2a0592824427e0bc6f5931ce1aae5eaef2215e4702bbb1d3605545032abf82e523baab6e2b8a872ba917531b388f50c208d365d48e29d3640b68a8e25a3428f68dec9fc0d5a9c70cee17452a3fe106bb0a4d37db64d7e13b3f43fcacfbd903a20a249731dcd66168e329c4f6912ae9f5d166750276e66e7608866ec34f735f14ced9c053df3996303ed9e098a511c1c36b7fd3bd1fc2f6d8b241ee839bfe17f8560c2a44fbc9c711c64366a84a700866fd978983e29d5d6cae8272e49c3a442062da4a17b6853cd2c689bfdb61c87de14374dca1d121358294ac6bb0898593de89f52d45ba16aa876ef155d94a158789f30af552d41df36c8853b2951c556211d9cf6e6506c7d4bed99d975412519595d628725c8a85cd735cf6515fd4b6da95a21550afa23d96210bdb32b14736853461beda3a8b11a0eecea289d3ec9c6f1629ad608917c3d7c1647e16672cc72f9a20cb790586e6c3b15d5e253d8fc3df75439e50df7e4208e1fbaf6b88d774de2bd8e057e6c4feca1f894e0da2aa8e055f48dbef2300f59479a95656bd177792b2b29853953449050df58b8722689ed9ab86508d565521619d255b65b644288f52bb2642ba747786f0416ed44cf4d9450821054cd78214aa34f52a8a9f579ec9d93b242ca68546854ea16601668a29598291f8b7575bc8e42a711b3d28b36118a58a78188d039a717bc66944b9d3e088632fce11c9959fd2d5bee71ea765d5fd5aaa7a954d982d63739ea7ec2035b9f5ca155989533bcad0502f33042e48853a291ea5f6d3d4c4c2e0689cd3350b91dbc765d3845aaadb483b330d3f6507673d9cfd7208599af19943aea51d95504a89ff2145bc0f517ff00952ca8178b85533d56e6ebb81342b9ff009001d396e7a2cb8994bdc73bf904601f541e2a10d41a82a236de89c3926f45fa82f94f15c3a2b792a1f56a3654280560e28e195c9af1de155134d3d474ecba2071d855ebb4b7e5523f16a7fcb8cd7d1cb7a8ef985bc557cc5943f78695b2dd779fad6d9654054d81a282eeaaeafa4aa92679a786b6e22c888af9a718d76c1d902e3790336472c9c9bc3a2fd48d32bf96aa1c3636556e29b208aadda2be4772473d47152156ab82d36d502b11a3a8081d4211a29e1757954ea8ed2dd6367355442a20f1a5fa22d9906dea536596bb2fead55d344edb6d15552b9aaed1b0d5469b68a6554add72efc2ddcce720ec66b00fd6611cf8c3ff00d610fcc27545d86d7f69a07227134440d360a55081cfc119cd2b0846ed5d558afe28413274478120217b5a558f973500d24a034d9cf68316516d474595cfb523885981190d5a742a7f755af0d81ab11b263321b4d139bc2d29a4d0030e08ae6a2c86d1b3130f9d3a2ca46c1b2457658a0eaaa1d975c7645d1678b79a9fc66ecb5155657b4382839987cc29c2dffe9569544d9847856cb76278afb0812085e08f829899527e89ef2408d2e51cb26352b7b8a3d9f7507623b236b57514d719f358fee80c3637087208bb15c5d1c4a3c931b1fc271d678ab704e396a4f150053aa67f640003f2d5180a7102c10ddd533779fd5031671328ee7ba84b3a51378c6d0abb72d737bbfd94890e0b2e280e6ead853e8afcfae5d5647d3aaa290898dd74143650ed2d29926bc5520a25ce343647f65751c2bb7d1b17fd05661708387bc147150ba2a8dbcf6caaec8f785421163b2821dea4a9fc0a2b46caa2a58e82876cd18839dd778e1f277f745ccab7cd5a4f246b061468be5a688e56ef724e259039a9bf55bb68d027304d744602f6afceef95aa3d1b09b87a4dcacd88e24f35ce53689f1c4ea9c83a6b4579aaf15144784a1fd97fa5792264c26c1aa66f2806b54ede4dae8ab4a2aa1eb6fd0f1527cd48ac6ab2e38188dfd571e283b0da449f9a55754de6d55507ff007b39a1175156bb8144812c3de1aaa3a8b336ff00ba96c792baaadd34d5184705d7f74f02b98a14ec337bb766640e9ea4ae4abea5d52cefdd66f787d76ca9d9551ebc1b7e06e9216fc627f5050f639bcc556e3e0735bb0e0b7a80a200ccb78b59d50cf8a48e4864c2f350e76ef01b1a9dc91af343aa703c7d6f142537d465178277f7d9e1f832b7865a5daab041e0535557a39d6db21de6b7bcd5285410337eeab33c97b4bf11652c89fa15c0ea16668afeebf50d3648ba2a5386ec3c4d1078bb5078b3b65a8a386d85cd5556fea10e55522c7d4e9b247e1df6346b7db4db45208239a92e8e4da7a915559db4fc1babababa15572aea24abedbabfad24d15093e3b1b545619e0e545fc2871a6876710a0f9eca547052d3bc385d43ffddb37a83e6d838859ae3826bfe5287072703b39a957da0859b651723b466a68516f97a92abb29f875d2abad55369db1ea4449da22ea4acda2cca9b6bebd13798d929d887dd21130b45011a2e4b5f2d9644108eeadd0b78fd3637828d6118ae5d1447f5292e93a42b53820d363655b6aa90a1f41c65508283851cb9ea16e896f05434595e29a3a556ea48dd375a2ca6ed4675aaa84796ce9b60a2df5dae1e2a76f250a0fe1c95905cd4ed1b79ecaab2a6db6caecb5f64fa9de013723b3cf255541b44ae3b3aa75f2cad42a890b745559595519d926250cc3c50533b6414ed54db428b2fc14f9a82ab52bf4aaa397781b8d572422e888870aacd4cdc38ab50ac86a0f74f0d85bf2d97f5ae6103ebeeb5559e3ebd7d48db20ab8fc02e3dd6d51e28d50f579fe0544aa681008ecbae2834810a8152db0e5d76429da0704deaaa76d760a6bea06e97423605c504575bae6818aa2de0811754f2595de076723b398b29e2a058d56553b337cb541c1725cb45054a8e1b6caa29ebcf9fab3f850d6a2cd75ea8ede7f815f50caaf553ea35595b69d80a1b4a3b49549455d6ab86d0a8a132b7598a28d3407611a140f05759bcd42e6aaafb08e09b179d80f11286c7619bb559169ef36deb46cfd951576cab53d6e63f02a9d8eee8deaa75d87647a94d92765953452763bc93b9d11e0361d93c07e1091b08f56aa8aaacb9a93a2108a08711455d9978342286c11b01e28fa8f438cec6f4db872dbfbdb33c58caa5ae11f501d945235f5a511a8b7a94fc1c8deeb76cede9b07af1b0029bb020aa873aed28ec287aa32844130a079a0a96db456db656d94da26c415d7d4a20387abe2ba7aae03ddde098ed8010694d94f506c83aa20dfd5aae60acc2c7d495cbd7fffc4002a10010002020103030305010101000000000100112131415161f0718191a1b1c11020d1e1f1304050ffda0008010100013f21ff009d4afdc1ff00a4fd6bf654a952bf47f7d7e8ff00c2bf7d7fcdfde7fcab3ff23fe9f5bc609fc69a66f7ff00854eeca98df6699d8c71801a62e0ce6c8ea2b2ff007d7e95fad7ecafdd5ffa6abf711b7efac4e583502e3f39c1ebdb3898b3ab05a02a01c68641ae60ac25a345b394c70018800f468948a0f18b50ad17a90a1df63988d5ad25543b783307d08ea4b2ec83961a9a0adb92b335df4306ba55d23a5ef51155a5fbb1d141e490251c42abe20a89767cdb6a5500eac4d1674ebf044a060dd8f994006e6aefacc6f7e87d128b25f4815fdd8bb793dad1e941eb20f88a845dec3f30a2a8b3c0982aa8a871ef1437f71f0fb4ecf885783ebda64e8ad4eea7998897a0abf4ebff002afd2a57ef657eb52a54affc0dca7ac3f5bff8911b5080a0bc28b58058e859bac968d764a6ee0d9a87f7b724ac3c5588a8a6dc4a2145d8538bef03553ca0ecdc01f737286cb5153f5dcbf4b68097e90e942f700dac264413341a45906b8af9815386b651eb894b18dd3350ba4fa8dc3b150e5320b79c52bd652c78ae2799690b5e8d3d6061c7bdd3047baa333f749f216b43d4c52a70165af626c0234a633a9db10194f6e97291df4aaf6b80411627d1ede92d7b84be10d89907f105060ce14fccc918ea2bed19790f2b133224e325ef31904cdb47e652d7281665acfb20d8401e1dcb313b00b7913d7bc7500621293d59f6cface9a8970bebff0086aff757fe2603cb7edfabfa540afdc7e94d456b3116d410101eed5c280bbc6b11acd97d652aad4a6add262566cbc41a12995166dca8bf12cc4bc8aa444fb8e8eec3450580bb22f40ad67f3147c6295273be226358a24b052e2d01ae123b1a6eb8a82942735529cc07815d712e293b2d525967aae3f2ba89bdd05eab98325b99e6396d7191329b5430922b62af128162a80d90688d3db3bc01476332b1c45b47ac71660af68d5910682ff454144b5f2b9a27290c6a31026900156b9a7708195ebde0a94e38c73112ec59c44b13925c4212919777fc44701675c1c98988a3a2a753bcc846dd6c6986044ea3ff002a95fa71fb8fdd5fa3fabfaecbff00abfbe9e9fa0aa12acd42f1487b44318174fa250ae191367a41ec9d588d4134ee954cfe5a86823943015cc31d6600c12cc97ea739a25752b43ad9ba21fe42e2072afd182f0b4a0d2fadc30046134fbaae56fa09d707d62281bc564f6650b76716cded2f2a42b2ea0898f309fc4a367a97acb6586f128936e2bf98bf5fd1ed1fcccc7006ac11c39ef011e142dc8eb1ebb89402a62c86d04ae9312e4367d1d21daec3ba7d235bba2d2c02f3c7425698641ae07da5440c2736b5f1b8a126a87d63be4704208ea5ae5eb71c85508556b0b8e840d2961dd6a05286ecd6308ff311bdee4d2500dacb44be1c2783a443942720e843d5f30c44b6cb392778fd29d6578b7d09d46bd625b4896d967594837c8f59da4a1abccd7f0cc1793da60ba7cc1f41f481b450de257817d094eff129d3e12fba67a4cca7f6055feec5e3f657fcab7782f23128e1d2ebbc4ca8e02d529c85f53997ad156e51772f67886eefde1443868ca90574e5301d663f0b07474f563c7d7a0fdd7e92fc23c9bcc6cf78a94200334e62ec9c30637933eb296ecaafa41819a31ccd8bd5112b07331c6a8e799559b33ca158a538bb90daa2d19bb9cab2e07a711b72055d4b80a83cd4a1adf5f8ccbed9558acea3aadd6c537fe2113206ae260345ee4a68f637d17f695a2a16e9ee704fac871da266159f788d1a3b8e00e06f51e8a4ad5bb999586330003e6638ad1c099fa640d37da562222177463e497d31ead5d42b1c2fb33394ad889060bdfe95dbf4a3fe5afd7268bf4fd6bf76220db51a0b5c415e3e67989dc7c25baa5bfd4154a0894dd77261aff9a63f5afd3a8cc5eb168a06378cca5f7329c1a270de087cd3d0b824ddf89e95324b9fe016db34304fb39f79907a0a26b116054e4eafac089af054e1b038771a810b57475892c55970f982a86b3e597402e1aed057554b860831480e351584d97818b8e93b6f88a86f55e9c4ada5b856a224ec30ac45192576e6d95b70898938073ef395a5d471997596b164914b26c503df31457395cbcbacbe07cba1e4fbcd393eff0063a13306a7d4c7b4a0d78a8a06fb43ca8dc5aa0786666559f48f38aa290805565f7872504f832e743c8bc41c641bcf67a73f32d6376c63fcc4ac6c60f0458ffda01d23b224afdbafd194f58d74dfacf6a59fb2ae7b7e8fe8baa9d27760251d3ef1e7450c01aef86510bc3943ad5eccfad2e133fa074fb406d299a25965b16660b9036a9d9f5c4a571b7325bc5350b15d564b5f684206aadbb7a45644e2b17e9c415696ac9379b62fc546ab75c7b21282ea47af698270a96836dadfa11ec24bcd08134f70dd435b46af88b508bbe50ac19e92ae6bea953457a45bb1e90e8289d7ebb456ad832e2ce92037089bbc0bd2f7601bd1c4552ea28dd075c45c41085fa4c6c05c15ab83deff00d857b0c7acd88bd2a392b4dd7ac033a8addc0301c4db1d2014032e767d7b37f598bda9d93f8524bb0c99ef0ec986a1ff00c4495fb2a609d27bbe2547367ac7aff49d05be95025d4f2306e31b35b9ad578331d63b5214d551d23a5df5ab129a0ef57d7b778914b5ab3d7d2577ec8fa1166b3b187de2c40c4f06560186cf492cfe80741ee1f69897c7115cc72cda2f199d081019fe4b2a1b0068115531ba35be0914d7777a9f623b7939a312e47bc252801ed20a0b71cea20d61cc4ad97b9da45e8a09d0e736d04a4d2f92374a37dd33479fc9a7dfed125c226e3e905eedce1a94ece1abe713475a2325955314db896d542c6da976301a758a42cfd5cc05023145b476f3bc54bf1ebf9f5fb4a48a5abd83f9e2380a25b5d3e35182f820a2dc9dc7e62ceb3ae183f9ff008f3ff86bff0015621fa54afd28e910dd938a931c62d18768266c6e3571d832f4b1efcb0f43cf3035c35e38873572f443029af70a9b5001d917352f2043d031fcc369cb6b84e0f88c4573bd5fcc4cb372f289522eeb5efeb2dcbe8d461253be58c9d4ba9aa6d28472e61e0ca82514e23b2fc4d711ab5475891692879a9a672d43849f454a8edb7745424d0d675466be84a8459b0ff4b9ba0ef2cc6f811a5fa1976b828b45f5f3fc6ca213db17fc7950baac00e8f3ce9004602a9cdac5a0d50464d4c80b70539df33224233aff0092d06c08e3b7e63aed187383eb772f2aa688bc74eb9edccb345aaad819fab2b9ea2e75fa1ff7e7fef5ebfb2bfe35fad7ed6ecbbdabd4406a0be256979fb41d4e95ed982eff00943f3261872c1473368a2acaee41bafdbbd389654184fca2ddb9dbc131da2a98574c1746711063922896a1cc0726e35d371aa69ccac3acc1922d5f41880d81df12995a57403377076d8fc4df01b591439fc8af42d2b4df2ab3e3b47a6689c879da630d1660f6388dc1b826748ff012cd873f3e79ac91ad11adc5c007d7c3e798dc2340fe12a1e8b155e665aa2b0680f9f496ca560d994e4438a65fec6ab85dbefde202c4a9edeeedaf563b8fa376ea7d61bc54377d5fc22e4bc0feecff00e27f68debff45649be6ca975f56e3dc34f4971ec097703d656bf50a991e6b7b2ea22b90ecdbd8ee5d0c2ee9dd5f47888868b1a3d94c5a2dbb40d1da7589ee46eb9c5dc02fd9476c432dcc0e657d8cc1754953267b4b6af2856671c4d62fda50d741ef0c7aa27c5be91630179dfd66d4e454ff9946d29882600769c92a380e062558758d56aa2ba17263d6e16c57bf9e7d62212fcd4cb576307cf3d88303806ecede7da1155748eb1e7fb305652c22dcf9e543aedb3596e2ae5eb38f58d86dc0ecc57303b83bf6e7d25d918b2b7b0d6177efda6c9f75e596ca1036be3efb80926acf3eb70cb6509cffe03fe552bff004a5defabeac56eb1bae08e1423f240887f13182d6e3c984cbe9c113a85dd93002bd412be4e4c07a1958a6ecc7db750c37e830ed999341a07bdb7bce33555f89a951a8e758f9968617ac1e3a17a8f9eb781711aec1c909eec446f709675571e620e8169c314a533ecf7a98f2a685bd84704a89eba811884a71a01e84ab09bc2200887109db4b9a940d3cb894da57a40c0a5dbd12aec16cab9f3fa891f4559960a68e5003af99ca358bbe326badd7988aa4173b89b5fa4e6dad878cca14ba0960507d89bc42c56d974618b3b1d53dfec7785bb4b9df4bb9d93b4a5d7d0625dc7f228686afae3b0bc3a76fd970ff81fa7acf4970cff00f0b02df0499027125adac689624a1b97a76cdf54c9be5ac4ac9aa7043306f1cc6aa74404e6e542824b1d3d5475a1aa83daea5a64eac05ed666173ed7afdd5315268ff7c41d9a163157a332dd2a7ea265fa305a8a01ea10cd017767dd882bbd5d9f702096cf16d58e61971980a3b41d8f5a4dbd65068eb0409dd66f1b99ee346ce3372c5d5f7f3ca941b053b3cdfde22bdbd97f317d541b662645bb7930f637f30161782b35050b67052aa65dfcdc0810cbaec89b27db2fafbfe5f310b60b1c2bd5f38a836744e9d98c38cce4c74253e1510daf4be9a9a0a6f867323c81c7760803497fb0fdac3f77acae9fa3ff00c07a9c7d71e5c467b84c49816db65a64152a0a3a1a40e4d7f332257c7cf5962ce1aa7dbef06d8b6ef738653a9c5c0d42b3a732f33d1080af68537c732f389900bd513e5a79f4c47441abdf5976d84baadf68d9ab22a477b88b9f2fec31032a1caba82980ec1315b8f467d255568998394dd6abe21a0facc69dbe7d2114a3c3e9714f5434bf9974e1dba4da1dc43f314581db662dca570a34318f594f1f660ac9dda85a9d7e913581a9c70985d443859f59a09542a988d45b2f57a4797474060d8fb34c5014a713d21c20854b9764d8890f885f3fa9fbf5ff0007f53ff2bff076db8e1970eceaefe62609ae29c4ad4b74b8c85586451d73d76cc1526ad5f1fd4013f8dcb2eb1601aaccbd315d3a90da5e573da22addfaca8573a2200748d742e359f8946ce5940779776271e0297cb3d81e49636df30eb0db7bdc558ac6c88f42ee34ea6b5f304a37336f0e7329bb9ae65ecafbe88b4c8620dab6dcd813de54cb4314138837a98ad1ec2e333664f7bd4ec01b7889434e3e6a210c17a975ae0bcc5214f04b4275d91ebdeb38a941da05aeb3d264bc2d4d98f47119e06a36ea2e36f28abe93f89a327904d7f52bdb9b9bbfd9bfd0ff00e0bfa91fdcfe8d92e346dc4023437184f5bf495ab117ef29de7d50ac79eeb97f898812d11c1e8801b1ceb8f3ca81c566fcf3ef398eb710369abac405ccd91962fd0818de15c57b473562db85915da5416d1d3cf3bcb3368dea0023a97570fc79e712badbed1b5197056a390d2aee5ef5030dc1de5af8e21b73de6b09e97da5c751d9af5688286d68b73bdf594337496558d393cf3e814f06f6d38f3cdf754eddfcf34b9f4bfa79e75dc6db7a9be3cfbcb0dee31e79c76855cdcd519bf3cc5a852a7175ac57d3d7fa83256d81f83cfbca082903bb3e78109c859cb1d777edfec184601eaaedcf870c010bbbb9269c79f10134095677c71ed131bbfb0fb6e06a8c061833e71889f6b67319d930a269d07f357ccd2811aaad0208c043ff001d7fe47f47f755b79c365e3920d2968dd7952c05c758d03c357ccca65e2a48ac60bde3752e6db6ae927494c6a9daa8c2c2527795982a40505a7e666afc10a9ccdad54cd52b79b8bf1ddd974f4d710696bbb78892c17470f788ad77d616eb1ae531dc0eb1eae54bbd4e3c963bdf7f3ef33aee30ba7cfc4c0b802fd8e27aad6d8fbb0882b6b6b05600e4a7a1e79b6e96831dbcf3a5a4c5386bcf3a41d665b61e79f7886e6b3d79f3cbc0929c9d7cf3a544d06bc835e7f44b5c855b1d1e3f5eacbf0f806fcf02681828cde3df8c5dfbf48416ea327c7bd57b75822ca38c9ebf8fce820ab36bbebd2fe6305aa6d8205264a516bf3ed2a16b4d6bbfe6086985ea2e3e31143aa517cf6b898549a778cf6cd4de941be4faa188eee8a6c610bb9eabf43f43ff008eeffe17e19de7f4b9a49c5eb509bc174c6b773c5f330ac26289b02c764c6793bca056e39a9a66a13af9aa1982da4b4074311555beb19a02703f3e6e18083d431dad68dbce65b84e669c79e62660b9d0c1af3d7b4cae5079f8dfd6326ed8c65ed6798611d94e3abceb18bccdf13ae3f103eb6ddbbfde0e0f5b306fbcfe95e08c13feb2f3ed0d0387af95f4ed1ec53d1ede7fb041659abfe7cebd23d4c66bcf35c311881d37d3cf2c975bdd5959aeff004fc6ae513bb915e73f5e906548eb9cff00bf8eb31a5e45e77f0f7e3d8896d4676596ff00be2ceed4d8fa79d35030969429efbf3f826f0675d04ce897bbdbf3287b60dec7e979654a62b5a6499cb4d7298d03b81dfb7ea8650b6bc6e2583059bf73f31c254fa237f68ee28e3e017f89d8ff009dfe87fee7fe174153a25b83910d00636c2361a30b07c6b8d42a4be48b379d6da85c8b4ea87ad0b367a88285d842d5ef0e7730663f8962858502fcef14374b95c3d2f1f2c4445e96f7bd2c95414bac7dbccc6f96d258bee79b611cd2c5e3ceb080f0c181e7e3bc6cd19b0603a5b12c201a39bed7f1010abb57d5fc4216f40d10e3272ac67af4889a85357a675eec215154279e7cc728beb9defcff00210a0390579fe74608b022b9f3cf58b40cc7dde7f44a235e0234622e5e6760800dc485b4bdcc50138de6649dc32980a0be916798ee09107be66182d1a97577147960b31b97595f628988674f1282afadc07f68b75b768c61805da4020dd0e7ac655b87be7fb81b20d8c6f1509b050fd94fd770fdfc7ea3ab72bf4aff00ddc7ed5606bb4a49c82bc79f33912f494660ce6efb79fe430b0c5bd0d79e5da634d953a79e66389f59cbbf9d655b8d961e72c0a3d45ad79f87dd820a597376f9f47d938829b78f3ced78c4177af1e6e2f58eef2abd7505a3c5aaf3463e92f4d6eebbf8c9a947c374aba8fe6179ef0d4f6798bff8df643df8942db2a66bd26d21b154000669faf6973850eaf1eb0722ba9cdb5671d50063afa4a541b151daaa2d655bca8718789f4e08449336d2c725c2fab5ba94ea65852c859794e9341058ba3ab8389472517f1337385b89ab46aa289652f7edd20730fc93637c7bca429f45c2b85b9b77e7f3322d99a0af3cb990d726e0db8775dbd7bc31856b92bfb89691d9762767a70c189547933500d17fbb9fdb7fa9ff00c335fadee7202beff1f4e84a004591c9e79d65a06d57ba7cbfbf59bd6e814acf9f5ed284bcbc1d71e543a76e5b7c27bfdbbca506ced7cefe5cd660a12f9df9efe902fddb997ede749b3de318f35e5329bd464699d75f3eb29684d70e3dbac5b3b6ab3e79d636d9ac56b5f6f3a11542f584f1e76982cad2fba5529ed2b81085ff00b10d09dec7bec98b36ccbf3aa73097a2b91f59d53dda7a06aa0d736c0621120c2e9710e2750782e1a6dbad0ce2eeab7b0b8ebcdb1412e985dd32aae91a001c1170992bda6dbae68d8086b2384ff932cbd5874af3e90d34595e7c4cd4ab78775068c9c5ed88a2edea98386764a6856069f1e30113a562fce7f31efd9c55d0f9f9960b927480444ec10bb188646dcf57bc44584d346771dbbc87ede3ff00a07c2d6f36ba980381b2fcf3de002d8fd7cf311103a0baba869ea82dff001977f460b83139c1224295a30d71e7952a7c0720f3ced36590bd5091d82b3698afb02ee10bd319658365206c130dc12005f2b98c3445463d57c2a18ac8657329065955be9157687b41d956c9c36c152c9568ba6a0ddbc01a59fc479460d1be310dd6ddba51e78c5a463765979951c6389b8254a6bf32d289787d263672fd600460e1d753461aaab98dfba2ea1baccb37d7c40170c1f47bc2bea7c3fd94b184c8d79b962d8fa43a0d5e996601313d217fce150587142b39f370c8b0374a65e359c062f1e7d21b648516f463d9ac76edfb4d7ebcee1ff2affe1538ecfc4b4e892fcaf5cca5df5ebde6d021a7895a05ae5a09702d379981b11f9299785446b12024ea824b4a38daa61802817115dd9275993110eb0c2ea8e5ed3576c3b3707956d08bc87880ab1004eb989af46d3e8a7adc481cc132f7fb4d6c083695028d316de3b84d85eeccf5fea0cdd4567b106d7e437136892f1328e8ed33510d898b16772b61696f1f58155bee3c4070be0f7430d6094055ce1025ba8ce23e132356e4ebed15085cbad10bb834b8e09cc849dee57215c28c5456d458eceb7f31145b7ac9b94067d7999c02af6e7b79e93550fa61cd4a65ddf4d73fbbedfa1fbb59fd9cfe9e93d13bb1fbafa31ff7e3fe09fa1d5c51b57242a4b2d405107acab0ae237053bd623e394c7725ccef75da51c086194b6ef7c4b1540f8747520ddf71a9748af878e92c2a965d84a2eb36bde4c4cc029b6ba5ff0093a215786de6a609ae856d356a55ab7de1235b59771f89548073d1c79da3960a2c5f9d618ea54c5f59470d4a5e3b4e3e634ea2e44abd7d6182c44abcf3135825f06acfe624c86d07e7530af37b5863193ddfacccd9777a3fcefef28e02a5daafcc01b9b4cd421601ab0a15fe7d25a84656a8ea5fe62075756ce07cfe261d01eb2ad4c86bbeef9cc2588c6ee12c33657f931bee784aede6a5d2432e324c98d779d758b6af2d999686f374311addcdb84166b5f444d7e015072fecd7fc4fdbef0edfa5627a994c5f5c7ee47accccc1ff00abfb0c7e96d8d188fc350c3ad4b76fe886d2d74d96b0853374a5e68233bce3cfa450a52814372a29d42a8f399a2b51b5f4853b4700fd4ef7172ab20bbe8fbdc79c08b5bbf3f306559dd03c2a54b6920c297dfb758b18dbd1ce15fe255580ba335b9421e9b9a882050fb63350a3c3952bcc7a415bbb1e1d7998f54ef6a1e7da60d4b29dac4aa6e794c106140ddf9ef001d2caf75ebd65a94ad80e3a7f7da553479dbced16e7192f5397a71f2cc28acb2e7d3f1f59f0c3b33d8fb7cb30a1d90579af89f0434afee205e0a74e1e7d215097ede57d23002e05ef3ebed1e4d660a891146035315bef04aece1aae9eb16ceab36e3ac6caaa0ea2d2c594c386cde7bc25830bc30b3673156f46cb9cca5ca1739ffc3c4bfd3dff006857ee3fa3ff008d07a9c4445965fa4bf388be9b9801072c369b5e8cfb458658c356f6fbcb540156bfc2613028fb7f133e02228e5e133031e8769edeff0030c096f6327ccb445e78ce1f3e25e228e5a556adf4d4186d30adba1157055b95e97f480580daf7ff002242b46ef0bfd67e93ab0dad6fd23d3614ddd9ddfac42ed5c1bbe5d67469018e81f4a81d2d7d61cbf3293c4a750f8418155ec59d7f134706a01dbf32f5752af7e7f71439b5555b7e613de26cd632c236d3d221abfa625353692ca57e18e0e4ca386bb329bc25c4d4539e9044d815b8518ad41c17c26458d1b6a20c19665145c710462330534625ad567d9d4c8ddb36bf5899c216aeedb4803a0152cfda7fd39ff93fad4bfd2ff6e7fe6fea4cd9a1d458515b32c61d412f4e71e93984e1e9bfccb0559ac701f3eb0c7a7d9fdca50cf47ecf6c40753779b6a5c51af2a5dbaa602b0d11ac75be3ccc011161f50c409600527b7e58d2f389aed2b84979e878b324b804dc22ae4d55cebde173dd2d5eba1552fa9a874763bcb402a9196bf32d51e3f2f45dbb4082a5a1f0e65b2d5324767103b850f9f88dd5edc6dbe8a4208ab0ede7840c047260592dc84587d72dcb44eb6cafbe65cc43aff04c43fa8fa8c4bbb00cbd882a9207dc7105a8c40309c43974350bd8dcd77504de5b3897342cc542da734e04264f182734c0ff0005636ac4539b35aeb2b4d683154b72e35e588cabff00d59fd332d97dbfef5b7efba7622e2ac006b37a8f775640f38fa477b9c964b25ab393d3bc0c496896b3cadc26a1d35d6c907c23b97e1159e41218ebf6941292c546b7ae9a96c0ed4e2e6f31e070ef70baac855afa7e25e0bd3d8ceba9005f78bcc504bafaf1d22f097f06eb89aac3abfcdf30706fe6f7fd47dce72f583a70f13250b833533509f1954546ce5da141ea2dfdae175135463d3a41f7368ddf87acada168362756e063a691afb40360e179d901b52adf03dbdc308d061c50bff58d161cce799b225d5f8e98bd0d43a51bafccc1ab43f14fda17241c42b942ac41c75ed1572bcbb4ee81d9af3e92cd7590fc46e5c1be0981201bee42b3a3b43694bdeb683832a234141da5e3f43bff00e1d93ff85d75a6f63cc4485db1ea9d5c32857e6a353321acec6509b0b7b2a1804adc9b7da70a4a9a0403684c15a2597b8a9c94006a515555f31584791bf9855034ac0efd6658552e2bf329ad81d618bb8e959e911772076e6646cd3a42253db7544e325b1dcba7caf2ccb0ce80fbcd935c8169fb471a9e6ae5f4201c062a6473acfd665901f76e63cf7351adb6f37ef0b452b557bea47fa576b3ad9a3755dc9749b2a64b70ab00f51166d649ade8fa7d62b3c90be887188acb1b046a27b5859db49a16d99a5b1cd71c402188e950b8a0a7a711843253dfd599543b8787881ddaee11aecc9841c1c435970f297cfd61ead5f73f4d6b3da7086a7c437fa10ffe6e7a9e8f460b229aa3d6580e17977678c2533300b3f497c818d75f494b17bce5a865adeacac40f44161b3b09903c5cd53980c53b71955f685cd3eb895f30f50eb3c65f697fc7475219566ee047a66e00e14166a074c0185fb4dbe07bd1f8d0671cc7ab50e73f7834878d6c4fea33040556bd0d3733c433ac135a106dd458366e8d026f5108b20ca8bf60e933006b3c74261aada0fbd7e63b0ab02bd336005fdc214a391e63a10d4e856352943dfe639ac5894e935055c75e66598b9bd6259d1d39da00af3bb5f28cc135818c15fa73fbcfd4ff00e524e6356d659724bfa13687e8845018cccaf300a2c0e40e12a322b793da192b0445bfbc0c3737a15f329134a30fa04b8e217bde6b0ca7577927254dbd69d19a87a15aed22cdf3c4486138759d4cefa259ab9c80d8cca528ce2b986d6a6c42769a1cb302ce0996b7095e281de749407d4faa62b6d5dccb0f6b8d813a0946c2d6e5c1ed2d40ef356fb95c92d2f0d4d22bef6a61b08f30e4beb0d5e65df74721d5f59a03792a5a995ba386002d78c13a9cc391a94ef19cc63fa1bfdf50ff00e1f3fb933d75402d572b26d06bb43a5799c17a804828a4fdeddab32a48b3fac307921850785d92da2e5817de38aebc3863dab1193ab4fa313d8ad87a733d39d15a96002068a3245bf6314545b14bc27acd10a27e62f21f9cc206028cea2e0d6f60dcc83a2f716c58991f120b2f98eab88257796d4b74a98daea78743f31e023bcc4986a8b39e92ab162fa4e226f677299e6e65b98f24a417532095b1961e45ebde63f74484b30434ea09d7f671ff00cd005797f77455d21cced305b572d43a31703e515b965ba82a9d61daf4ca6f14c658a81a710880b6e0c484ebce35063d9c1f5887d6dfe22c795b87a45e2388e88dd11354dfe232a8755afbcb92284c54ca0f15b81a6b1ccb50510c796161a46c45850743cde6a22eb02ce5269156220563af6956b2760768213f463d1f8e670a0e5dc6ca7de2ba5d961b42b7ed16c2c3b902ea643bc40d5dc3a0de352e3b1f12f1a5a5470b6dd4a8f2d9afebce0de4a26205ba2b1fb9c47fe17ffc838fa4c442cd33b026e58cb973316f926aa2b0d7e4978d37cc1c565962b923e228d29186e712ba8fa446180b6e71fd4da0be1365f59637130e66062d4bba852af0658a02e63457b912e41cb0ca0296660b835d3da6eba29e8786761f4608835a8af68bd5877425083b75a0d9fdedbe9a8d316ca3ec779487230dd512cee4d61d79897c52d58f3d651b0094bcd63fb96c01d0766f1f88835ce0358e7ed509bab3daa51329bcd41b74bfe211c6097894a1c352f9ede9396d0a7e7e74f621aac783c3d39feb3b601b6cab7955fd5bf79495a949b775c1d63e7536ded4fe8ffcefaffe4bff00c59e2e3fa84073a5a7f10eebc87528ab9bba7188b2af355b9556c8bdc450706a22283aa180246af06a2c9af92b9f48dd84ed9c71099543b7d218a1ee6e236a6d513959a55c12af58662269e38303ac68bf9e7115bbb32daceb5506ab65ee2dedf58ab38960e4806643b6692db4b54ccf6da71d26e00c5620afd03eb9fcff002441605aa5d39f3fdc81c18ef869e7cf43499d64ba6f779e33e7296490f96b8eebe688a98a05a14f7718aedf79d1b588ac2abf9edf6898acec305e22ac552614fe7bff007a026013d5971e78cb1537c7379fc7e7bc6da30cecf3cc6e320a46729c79f5d1b2cb8b5c98d5fc7d17144008e4815c7273be7c6888eab6394ca4f3f96562c9b763f89885f944e3ff00a55fb1b68cfad4a8f11a4c0c5526da6ab32ae13ce62fd4975dc5d7d54ecc74b45e8225c4a5ad0bac4ca2fd043be985d8a5de2179023a6664c3bcb54cb388c8ae0b30b1bb8086b7057842891034bcbd0572f596a56515bea4cf0a17af798156f675533c753197262fe610d646278aab966ae002b05e6af7b1893dd87dd3d7e84c380668303bcfc7b4647abc723d3edf4e6339861807bfc78c5f044c90cdfc6fc36af685c8e91cf1aebde0573c342b8ef5bf7bae597191546a44ff007f145b2b8ee5aad9f0e3e1d0daf3adcd1900efe56f8848b4758a4aecf1ce7579b6897ed5b45bdf3dbedcdb885c1c6562e8f1cfd5c436537eec0bbcdfb7c72eaa1a750897efdfccb00330506826ec7cd6344082ab69db30884b2f3ac1f31eff00f1e7ff009862f11ace9f68e178ce6599dd62705d70c1bc4b8cd0d49f761c85e8e625847a1b96c2deef898d3d3cf9996406f861b4b078f895f1db9fac450cdc0cca6c72d8e0e62a9f01d6bfa86901aea3b7199718605d03cf38b7a92b36efda1c23702f9bb7ce25b729db6bd1f69b08dd017badc3b294d32dd77f574888d2d9ac9d8f88165a9221c2e7beb2b717c861b1e662a721d3989ceb32f2d2e6fcc421c1aaab4358acf5fb72c56af7b9ee8ebf3f5eb073c0a8a283f44f87b4f460234d3ddd1f763c1ec359b367193ca65154d96b2bbd6fb536fab8a236a0cf51cf3f77abc1284392360bdf1f7f7a264883a234f21cff001df43dadabf65d74f0e62dc2297bae95bfa3a7599322ac355fd257d3b6ee9c820175efeff6ed418efec52defebf3f347e4966a1afb5c45c6e3b9fa338ff81fb8ff00e2d9d5f689184ef946695aeec932269d258539977df496810ab06c22cc8ac98ef8e2340bbea7cccc74b07cbed30f62c9c3c32ed2bc6fbcb5215c2dc46b5d85bdecf9538bc1cf69d6bb42cc9290366739f30f461426d96303ede7c32e36f6763cbede91011c75f35d75edebd08dea19bdba7a71dfb4b41b70f671afe9782126640a8f4c7cb5e9d2338817d9cf5e03da12e16a81bf19853a5f45f45df5806b1f71e4cfa27d606a8d2237e590ab015a7e1e9a88cdaaa55d72fa57952c6078c88f9dfb7cf042f4af3a7f0c24b99c6070ff003e5b0175dd94339edede54e1d8aabc3346239e7cf3ac04558692e96637a5d8e1acd3fcf5efabc396cabbcf9fec528d5e343d31dafcb6170256ca51dfdbdbf353ef00f1ebc55d188eb070a1f53be3a1edbbb9a5e828de73d3e9d89402e61f43e9cfd3e6f04e8815727dbe5dc2805cd65b873ef28cf5edcc3cf8d18f7fd3dff7f3ff00ccb17950ac7a7686547e24190d2d14f8cdd96dc2a97af9d60686663f279e37da86ad4e3afdfe3e5743e46ab7fd8f32d246814271e9bfb7523c01638f879e9d674b99bb3d7ebf5ef155186c6ebd4f3e624996b93a422b026d9b7db8fe3d22c7d695cdf478c5c6d160381fdebe9d59c8b586f5e74f7e624553302f1c38d7b7b4a1b1c38515837edf53a4314e0712faf8f640e2a85dce4beaf6ed2eae339c8af773fd4c1af52eadce73e618f04b0cdfae3de311c0020777d8f9958b625987cbeecc4e3cb530328d12f0fa901356972f35e7a6e083d236f9fc12ff0041ea80c03d1808a6d8c306cde522aba3730f2ddc36269c5661bc6a34c04accabe1c5977ebfc7bcdd075ef6f9fc759471aec5154c1efcff002e650b4b1e35dbd7ce73045d033e9bf6d41d5705d59d92a89d2d8fbb2e5c385aee94a15baf4661ada7736eff00f0273fa9ff003e3ff2de75ff0016eda6d8e41bf3fec557b80e55cf3ebe902101e31fa40c02a1834edc7f5d21d4bcca5e341c7f9d221946eb063cf388397918de67f3ed8856fa5e2bc71d7abfc47214ca9c8dfe7ea4ad3362bf57fbbfe041c00e9f9ebe0944380c0fa2efebe095a710abd0aaf9f7bed1a6d9896fa81fcf663e00e7038348af4eeffbfea54ab03803afdefd19aa8d1f4799f7e92a033792fd3b785c5a6ab4be91f27de3172d417c8ede708aed47419babf77e93fa187bfbb0c0cdc5cd7073ab87d3062328105b28449d5dccf042d19d4b48c9e83551d6817230abf3eb343b77d71f48c084b1d159f3cb8b28b7e5e5cb4dd7a92aa06fa4f58a2cea6371bc8743cc1c28529cac559ef518f4ea1c418ae2c5693bc2e455acfe69900ecec4eda9b96acae0dfe634175b4f630475ff004e7ff0bff5e7fe7bb5bd4a7b3aff0091c8a6670f3ce913bdb9e1f687d542ea6b2faf7f59603add972f3ceb3200159cbcbff7ac21977f56927a64dd3f7f3eb13c9ea7bca6b4029467cf1dcefd29c1d0fe3e87780d82d761d3bff511b2c2c0bf765e308476c63e87972a0ddb3dfc3cb6562f3b30f3ce635f36ef917f5ff7ace59afd5e7f3d63d4b5e2a650bdfe6256172b7f997b96a6a522b2f6c4514dd31af78287f92f3ca86ee95c3cf33da62807f7536fdfeb1bb45a8d9dfe9f4ef2f84bc302fa95e7e63716c10f6f3e21c89bfc33f6fa437cab7be37f4fb7598061e28ae7cf196db5ca53af2e39d880781a77f1ed995b37535af26fcfb4e4da229d3cf883da1a43354d79d2098ca1f6132a0e7645c456984a1539461df32d6207ab01d7afd20d8cf2d5a8754c0f25e0f48d59a6874e3f4afdbcff00f119bfdafeec3bb9419973a8f79e91a34533cc1cdcf421705fbf30cbc657b8e297074d79a99971c51b8f3321919f1d02e34b2341ed182d0977c42946dbc5abebe90005882e73fe330331742efd3ce1e900dbc95871cbdbef023a004f3fde912b5cc6a35d78e7ebda6489a42f40ae6bedfc439442dafb74ff007a1388b7816f6f995e01d16abcf9e303e2b08aedede74978a46facea9f7ff2590555938f0fb7588250ca1cf5e7a4c85494ea87cfe3acae21e376caeafce2625703b5d595dbfc9b940b6c592fcf6e92f991b1c79b277471ec563dbed06c961c9d63fcc441881f1f3c79f9947b40eb5f3f8fab04b1865ebbb95eea075cd3e7ab29e035c31193d96521d8a67114a94602357aa95f4515376e71d184391cb3d888e6c1d1f3ef2d87c22ddce3f5a9c7e873ff00cf21c89b01ad5ceac22930c7ad27372c76f6f98540881435a8674235629dce26194f4fae33f1e10631e4899638fa4a1f4c3b79e6a3c5f514c6d2592abbff007f595f42c3e5f7fee5e566fd061fe3ef175a6b0639f3e1eb2a9cc212f5878f4610792ef74fe36fa30dd48238d97e71d5168a9b7ab1875cfd1eb36978dec9c3f1f789bd814e4febc305c0c5b17dbcf7812dae5fcc27ce4deea5513b3db246b9b028cd5b9f794296903171ef940cdd97503788f621be3d3edd220622f1639fa79d2610c3b6b978fbfd67444a979e6efef1e0059c426ccc531040e55615574980c7956e266614dcc8eb556875a5789a20c5de20ad96105437c7d650a443cfd637420e1cc56b0e23da5ac2d37c94cb26a651d3d7f118a9669f6215b052ccbebfa73ff475ff00e466e79d6cbf3eb1d31367bf1294363068c90b8450ee557e3ef1c436e99d67afbfde2200e0de77fefd65c0cda8d40f1f5fac216d2c07a14f9dd9907a6787cfbb1655e148d04b95741967cfcc74e35a7586e897617e04b501b73d3c618d0b055d758738c5658f352a944ef77acfda6590155d1160baea89a81f78e4a6dad12e2da318c4583a4c86011cf3d2e5a3ae9515834d50baf98b1a1c029b4cde0b59e544a94b0b9665bd18c9cdc9d29fbc13a6ef0647455c40cc5100765d1cf13002da6a6be5b38eb2a335c1003ce235e50b2d8f9f799078255f9a8a93c8cbd4ed001d98a0e8c1e01944551b5cfe26ca114a32f4e63a3d2e57be22c20ab29d3f355f1fbf9f6ffe7981d65987cfcc34691af7865303a3af16ccc192ace3987420f9415e13d09aee273ccaa28c605e22da3a54b28759c653502ba2a59c4ae5925b102b091456b1197b32889be81bcf782d6d952aa69f1c8f9e7e1e033da299800605690ba3bd99bf312ccd5a1bad472e4da6b1f48c8ce4e4e39f3c2b1c16aee98495433581e81c19ab942f2dfc7ade25cd6ce53e0b789462a979a778291a0b73ded66948179b47d08346b0bc0b7f8fe7de0142cd1834c3a05b43f84e085f2a7eb28262aedaac500ec30238f8945d54a867b98fa4ce0990b23db823457327257fbf68f00b2a29952ef9e87da7319ab5cfd6161a3018145c46e4b479f98e2fd81a9ac4c767a230fd1fd7397ff2d8feb6a29e508d51f55e92b342adeb0145e6712fa2a7a4643ec6572c88b66be900e0b7d7d3f98fb7733af8258a9e39a8022ac4701e9f782e4ca1e7de18fbd200f6f37358166f2aeb5d3f889979596dbdc3c4a410fe59d751cd842a99bf3f3da375ace1b38e398cef1f03eaf9cca4adb83efe75eb0adbe4cf9e7586b0d4d658f201db8830f35077fa79d66447fd41fcca4b9a6d0fcfac2b26d7f8440eb96fb7e631959aaebba79f780a1db3a27c4a77dc28af6941b6c5279e5bacacd1b40c15a1f6ef652147f5706aec0525705bad154f3f31e82994e86fe264dc59a0ae4edf98a8b50c0a38cf3c4b3905864cdc4463da4ee8c4e01c1bae7e26c1d4133ed2b92cd36dde2fd712ff00a6b9d4ed051e9f43441eaf2b648c663ff3f1ff00b0219b4f109b32c5fdb8f370c697e01f5f7fb4b12861ab5fe5c7de19b12975ef72e1bcd2603e6a66b8728703f332cb08c73c64e375ef0410560e58e5e387fc8586ba02add2035818e7cef04e722ad301dbedf58757a2032bc6a51d5aa5a70d77e0c0c5694f5361c79fc42afba53f81efed508622835be53f24adfbd46be42352b4f0d3e352e0208cb675f6d1f10ca06bf579f888b68178117d2f643b39daf0de4f3bb28a6f3b67af7fefb4d1e203ebd12f43347c18bcf7951e0b1703eae987e3d263813587d3ceb2b70b27c875e7f31ceda36013cfc461463647d2a88566cb35c795f2bd65519fc95193faaf09532604c0efe7598a8ae771b37ad79da190cc316a98e7ef896195c13f5f3f99872816b81c77f48fcd1bb0cfa7bb100e347426fd631b8961581e9f688b76069e7f7083ada5edafa4a304b2ce50fbe501179d295672900a94d747e751c58c0dda3b3ebbbf5ae9ff00d2cb250283e779d0fcbddf5fee74ae5eaabe7bb93e25354ae28abe3e2e6a9c1871f7f921201499ad7f1374698068985a195296be3f8978bb07471e97edf699d51d75ecf3bca49e19c7e22351508555ed2a694aae5f3f1f31e0b2296cdf5f38ed14ee3378c673ef03d2e066ff008fea557c9435eb5ede748d3dcbf91cce9251c59d2f5bf982e282ac64f1f332aaa43943d9e3d62382e429d3231bab64b0bbf43e7e0953732927f8aeb17e940607a11ae902b47471e9e62009432a1be9fd7d6647517459cf4f3506bf4ee17e53f48f38f811db5aa4acd7f3189ae629ddf9cf7f59c043bc9638c73fdc2a1bbc34f57d60d1b65383d082551b4f8c79c41184336e5fedfcc502da1878ea9f129d20d7558e81d5b1f9eb988698bb64d132e8ae2aa056b8ea1085d117962aaa5eda34e6b128d253168d3efb8f930fbe7bc704a9c3f7939ffe3bfbaf4c44e56df58932865bd3f319680b629c0560e87f16c3bf75c97bafea58606ba539bdca90e98bfc7d2117e71387d4f3710e32c349eff69d5beacf3c261d5ad630854588e47cc1f1318dbd414bcb8214da05ed9f0204955d2cd1fe76ed2ed4565c37e7de5a39b2c604acfa6bed10b8009757ed0ae37c67517398ce5647450549f4cf999a10d06717d66f4136b379f89ce4e6dbb4ef1e5c2aff009d25e14c86b1e7f93a0557538e38cfd6298432a3c54d9077c8e3edfd4bc993181cf4829b4173d1da3131b7ad7cf31bddcd02567188db39ecb4f68c846dd67ebe6a5436f9b1efeb123819bb8353b71d62a851cc36a3b0ac4a55e87102343866542bb309929cbe2debf58fa46376650b8c61d534b336f03d477f108b366614dd30dea2cbfed116213b7ff19fdafeac7f63be0bc95809892e463b4cb2f07789a12c3b05a6a0a652f565f70f17318f0a9d1de521abce5dcae1bbbbb85c9f737704143dc9d0af589e01d2e0cb1b35999d2a4adc18c9e3338c2bbe65105356d8ca340d8aa985b945148ef2ad08de7684563ea8447b2eda88286a93acd53d11516d95c020b0f6dca031251cabab091346495dbe3161310ccf33ba8563d133026b350017da2a9eb35ab33b9b217f543ff60978051bb21bbda097fd6c666795368f0b09aaff00118c39d1e8c40f1190c6780a1d5b579602cd7158f79ea14f1f796b79a4e8ff00c0ff00e43fa055017da222f2ec4e5296b2d3de2eb1f543303f78beede936aa6980cd7f43ac860f247fd51a2a95eef89c266d745cd9bf20d26fd3eb056f8885afd6b963d1704bba2174cb55944f98b8faf545bb9e47112a60ab503469138892ecdc174e622ca72cc7744ce38605d5a730719bc361abf8328871d4e60c1b1660087b171589cea0028d19d312946cc75945c985d41ea46e2bb695281880ac6ab98424642f598856daf9b3f118038e387130d0aea80cfbcc5f3705e35860ccf8256fde52b0f58461af3e1c4c4699561eff00a54657ecba2ff4b674fd16665ce7f4bfd2ff00f6f30cea7fa8eb31589a6f86132719cc4bd1f2e531b32919518d10e9498f51a33a094dc3c0961a1966a1e262fc1f30c46028025c5a28837cb65c68594ab1f796380099351d1170d09b423800af88e0ec1cbbdca1c6b8265632710105bafa41030bbb4f5660b674789d11933961d7780b73c766c9b92b18b876066012f99aeef357c45fd1d564860e701bbff22c6cd66622835dbd2748cbb0f3ed29ab56c703dd9f988aa0bb4aa97e51c6ee8afad436f3fba2bca29919ab863156497e8cc54c28f58e75c558e489628c61bcf2efd264f56deaf3f11c6ec0e5dc54b6eaf1b133f92958d4afdce4e254f5815b4e91d48bd20c5f727a47dff4730fd69e1a952a20da0779ea9e982185f448b8d1ea3afebecce67b4ccb7bccd4b66675972ff41a6772f117f4519475fa0b82ff0052186f217a9ea642a40cc72f36ea2fb8a661205fac29c1f28bedd6526812d052f789479af2a5d4b4e8711deb580c4a753e37297ddd7f12e15374711b76473983a575b712e020e19c40e2bbceb980bc97bb8aca2d2b9b9412e13b6f33547a8ef09362c3d6514b73eee224e1916cac0359826c419310c859ae51dd032e59964025b15056f48da6d180b8f7745aab71882c00ab9ba9b7516bcbfecc4ace7ab36bf1509aa0603559498fbc7446480c92294e85fbc6e5663a711972ae87488ae2d35f68d2e3f14cc35df3b0cb18a9cdb30e6f52f01903d1c2ff002a0f9ff5406a3b388a7ad21ba7fce6a5a95be9cc79e99e0428bb16aaa3bc0b6182eefd617301ddc2bb57b93a436048153ee5caf9171a3bd4b595f04497e8e087223daca5bbdb02511c208ac6c9d656ac61ed28de0a0b93d2287ee194504f5b4a05e79a2369cbdf29d77f381fe7c7c47aeadc09deb19233e965e599bb208ef5a44cdf7c0cd1ee4705c14dc69ba9b84a9d5483b115c218c3ec926b696a68f8ac0ae934bce3dfcd4462b706f67a7c4a334c533f6fac4dd91c8e2a01072b75d2197cac7ab2a74d9748f2f2357328b1c642a2d83c289409dcb04c6e92975dbe3ce8cac2aecd9065c0eb114d1b02a07bfb0ad2a77aba6a59268bc5a579599b1ba8020e24bc0a1843969a161bf19448d5dfa228253af8472d15e1a8a221b144bb42af492c65ce8084a48a60b959520185c74efb8f598d2d0f2dcb20b49d8d4bf0ab11e8665ed8c451a905e253db1dc6577bd2508b0f48e01c9f3e2216f6bd22de5ed2e97118b210ddc8a7ac7f11fd70328b91d90b17182ad91094a25721a947caaeb5f5896843ac4cb666358fa4a091cb52c746373699b0c410a58b329995dd05d1788665cc581c8c20d832ad6a1a3b2602144c8817627b4050a219b3364a061807228e8c496cb86e51a3ed30e79c4abaa313450aa6fa59acdb52cab75d6340896c63dad6620a01d9c4aaad3b404615ed1e65f6663b0f72155106610ff2e72998023acb2d352f7781e8ce19078bc93308c1c5312749c8eb1eb21de5ba3d2ee64fc4b273ed32618998e0de7bb8f6df66583c340eb07f52a2860a55fb7ae3e84c10a5efcd414c70bbf880b0997c71d6723b6c07aff33337460f27a73177817497d6b9c212692a865aa346af5dfd7ce23948a202b8cf9e31b476b181c0454a872ac62a05d15a63e2f3f897929edb6e540851e54e203342a52f9faf3e31dadc61d32f8fe508edd451afa7f304d63923cf3b4c2d6305b7a76fece637374994a279f2f118b55d871b3e9980963a9cdf4f3fd850451a7dde6a6e7a0b596be7c779778da977b64e1f3e656608b953641620a39571371cd5323dbce7ac279da8a2de3b9b2528b2a2cbc0feb9fc4a0e5756c5bfaa87514bf3ef383a56ab828bb70c660a5cb81018f8053ac22ea90ca5708be59c6b8d3ace38ab576ccd1fae3e79f3f94b0e1b6f9e655ceb0750c6941ecbe92fa9eb71e9325c32deb105e6397294bcaca54dd9864db8c4ab72c9accb783ef3459a992181cce67b0ca019cf583041c6d329d388d0ad208e71cf330cab58f69953cadf721be17530be2214101fe21842c6e25814c5a5b1894720fbb7071c83a4aba054d36d38eb0162fe62d5d69d639ce0f68733e257e600cc1e2a5c4956251ed12ca9aca45a0a8c7f193bf699a46c52b01da54b25e0e598285c53c626c05f68b62e393989cebb0d1c673954ba0ee0ed8c38f58a66b7cea0195a72bc263cf888e4580d51dfcf19531a297e9e67f98af215dde48ada57bac0f479c461ad870df315263745fecb18a29147a9072ae084ed91f8dcb1f8938e5adfc4d81776bbb78782646b530112d71d598510e55a77d2200640b2b9fbdff109de018c1acfdbd63376dd37ebf681ec56703df333d86b6b1fd71001cf7bbcacfa4a56c877a39fafd7ac0dea8bbbbf9fac0b0bd9b5bbae38e3dea35c04bc776e71d3ce66ab29aabae7f8f5eb377562beb37f5f097c4d437b155d3cfa47601ac83ab9f7faf78dc016b5a73aa39f388ac23b7576cdbc3a459bbe55367ae5fa4485e2ba39accbc81934161e7de5c86506ec04fb2358db2bbdcf718cf372d870b13ad4b2f922fa4a2377a5932c1dae3be79883a46ea7d0f3ed306e9b7ce2a5ca95c5ba40829ad5cf51e7e254ece1e83f9fcf6941643ab93a9159ddbc2a56a0aa926f8dcde4e9330537c7ac6558de0cb888368aaf694e8a1982ad62180ce65b554c87540dcbb970fc84964aa866aa947f0c59b39b997331da220395fbcf7c896b7f2f48320c3ba6647d93ad95cc0acc016a82610d6f330cae8eb3e40995dc03ada6b328612e062a3622ac8dcc2b587e81f49f69aeb3d65cc86669af695ad41555b4c9ad53539d2649ec04fcc1f590bb20eb72eaf4c1763a171fa8371f33af4862a5b319ae5de2b25b85946db5cf4fcf9d6389b1f2cb068bbea86e425b039e819e9e9fe4b56c6f9d4a765d7be7ccc34ad3b99e99d6fac3f3342df4f6872abb6a3d2ff9ed3bf8028f470caf177ee0bbfe312d90a52b47a39fee5e0cbe4e3d9f63bf6864a038bc5c48c01aac75e7e6630ca9b2beef9faf699448d0af3fb991d77b0ace35e748e050c0628e2be9f4804008bfcbaffb12e2e4ce52cf3e3a4a6b4aa5f0faeb3e9087a4038598fa63e2facac6f955570674f18154b66b92b56c72ea6a7a432b1dcfc4b0a92a30e3abb77f4968beda29cb387b6ee2d4d3a23c32859bd68b94342c57c8978bd9a455d5f9fac0646ed9cd7279f336cc159b7cbe21e334bdef1105906eb99b0b54182fc79f1168d2f002fcd7d2755dab077f4c4a34436538fe1dc680bd035a2cf3fc8e1c1434c431e7b10a34c8b68e7274ff0062305103bafcfac2e547135e2de7a7e2e194b6629867412ccefb7bd2c2358b9ea6770f7abc660576bd264b0fac0580b229ddd541701bef32220ae639b822353670873291a2ddf89554832a2f64c598dbb247c15b37c6a5a0182d4c5c3f114b71ed8947ad75351a5e30c6620cee573aeb24260f78100b5aeeb27de635189680cf59636aa6e5a5b3a7f428db89570c7582e6b11fcc72e981c99ef13df137773101c16cb98df7122fb63a256c7aa1758e1260e43c3d62ba03eb2c2944d91c715e9d23c513e92f8ed0ca453708b2efac50b6db860073a62954571025be26c371b3bc62a1fd22b72a013261ae6555957b86572c550327a43f6da03dfebf541fa272077c64ff006580a1a0c9ac78ef00b7ac81f5d4c29430b2ff005e731b175def47841ea6a43e9e73d2568df3961398eb4e79853d0ef418e3ce20ce0d04b1c75c76f981117b89b07ab1f11049f72f8c1e76973d11454356560eb167265caf67c6e194b0844fb18623c047ab47ac4d551b779d40ca187bd61984dba2aeea0dc9bcab479faff91a5d6040103d1f1f4257162ad31b206945056ea35d4d154633d7ced316d341ccc8d2c3dffa968c34a82c7c44b4e9ea777ce937907e4455ccb078d6bf99452cc55c576ba4290508e5eef3f98b9ef91ceba4a2520e2b4a01eb19b5ca5333a8e3da6b1aa99ddf12e06f2cad5aa5aeda821b232a480c128512a0f6b71eb6a27ade8c4b69d8940f4bd2feaa269d0993a3376a05fbf32feb59a984017b40070ab9ccb3d22f75c094addd91b617931eb2c6d842d438b25eccc4161cc217a67bc282b5861566b52ec8d1eb319eca266efde506fd89d26e903a34f687174f99605c156ea58597725c74e94327f189868fb4c323c2432ae10596474710e4d5f246e3d3b20f0501e6614c40712d6f54739e932e664b43996d97480c298ef076bbc294334c971fb23ed03a1712e89466a1cabf520e159bcd9773f88c69fb07f145a65727cad1e1aca1d53ef16a6b6509fc403e1c0efd57f88c4b16a1f5adfe22c581b11dfaf599c97180d639fe12beacacb6afb7d21880b775fa747497ee3d03e914696b6471355f722dbbf5fa4d4ae2548f7c43150aa22ac2adb286a00ee8b380beb07873be59c896a979622d82baf6ce8ff33fb64c7471d22167644e01d70419cc5e46724f4539731db86aaa92a1a2715a605baceb7c4f3f92086648bf68b56817bcd62a22060a0a98a03ccd0916c4869958b4c12e38981da357ab96942a6b94ab67f287f572ce7a3072e09ea803b1dd455bd8e9d62b6b84c815882545cad40419661a31079d1362b5c4b288d51ac3bf59444a3d7bc5b2e0c63e8c775f3f582fb4cbf45c6e9eb32d62e0e4fa1eb33d8a66d45f48885ea10709d49562f614e98b17c9fc338c4c164b68bdd44682b426d2515aaf31f4efbf59530fd1959f494544c6a38fe9af48fd737943847bcbaef5de2cacdfd18995d7350a01d4e466f6da78bfb7da74dac419f68ecdc983f3116ae36fe25d8d60ff0044d11a5347de7d49461d3d277972b912fd7bcee653981975a80770b226b4984ae2298b1ea685dbe834f01f3149f43dc656a2480b3d2964cc2eef0d84063e572d02377e918ab7171142d83364cc438f99c51e823682c77136b86f3a897945eb2dde1f5894ea4cdd2a4bc422f01ed148b68afbcd91a1994d2b5642e8cbbd3b20efcc3b998d4e720cb79730c7779b167731be92a661dd9990070303ee466d661bdb511f850684dcd8375c9d7fa4dc54bde5a90f7268447854b55dbeb303797d18965cff002863898ba67ab12ce885b07695a93a09da0e996702ca60687ae237974c0e2dda982247e9cb840e7f4ac67f5e0839338f6805cac103b4c5510e58a5513a31a173e0c63892d7d41c418d03a1b853283ba5e84274ae5735004a113f49922231eb8ec45cbbfd17399918a40dd0c9ca642c3cd968b8adc86f3b96f8fd133ae17d2e607772e3a7e8c1f885ee62765b399c3d66a81bd4afbb21f6d4743ba4cd0d64c711b6e7869a65b62ef3a4473b7ca19aafd2523701bc1f3115fdcd95cef3338e84af68b837b90a4f84c7c297f85f4fb40d63e875eb0295572fb399b0a311287e9eb02d63f594268554a76ce2c38a19cbf11b5a85e98bd9324dc758e55e18a85b67a7129b1cbdf5388191a62cd4d538dc6bfa8f654ec195ab6fde1c2c0cf0d4bad63d23d5618e235cc1e2cad5ca8f164782d6e5d1c6e282d6e2ac9516690fd1d7f4b3bfeb4a29b42298eb015379459986d746cfe675b5aac7e88ae25752fe5284d2db07dd112709c1a82b69f371eecaf58e10bf599e14f43f13b895c542832c533cc5e81b04cc575e92d4bb7471d09419460c2e6851173ac152b4dc054228bcd06a266b8b86017770d34455365228abf72359c95912b2d9a9eff3b4771ec80daa5df0518b04616a3a3340e6144dd7e32a04c7723c11d8ef3bebe9b3e23685bb8dbda0b1b751fcc982d8fa32f1c3d9501572aabe606a2fde5aaf33275a88bafa273a0cabcd5ade1e25779cbea468d91afa46b430a6c9f17182a006151a9bcd5e653d26ca7043e11b7a44d93260a59ed0db4a4885af388b1c37cc3aac607ac59f20c39b3da0c7d3247015571eacc4acc188b0dde262c6332aea6d754f114786e5a059305c3e088641872102607133ef0bd57cc5897ccd71b7881e03d3334efd1a62a8695da5906e5f26596f79dca4b6625e76025332f75c4cee62f3f597797be255f62eb0418dd8e915c51f983a080f1abf481de9ccbc13ce177fac1f53c65a8757079621c9bb2315d59bb09d06a5403103bb78eb51022b76995191a55411a341a1a8e2c04ea1bc47fbaa3d58f278f65d46f9abbae3cf3d68a80986ce7faff7428526f3b78c32f566d71a8163919635de6ae2181fa26339e399661308de8ea4ca7827afc222c71445f5096001a07a87ac20b069b534696cbe2a19780fac2a5619bc7307042df25c110385acca0da6a721be4659704e66728b5ea231216546a9ed163cec4c25ba5d199c302a64ce312ccd0d199761eb0aee91123557192eab5f4943b0e6bd216885f5ef136ddfd202a0d65f48c0148382ce2a2aa5218c1f68a6d075896728b01fd12a71a44d9be49516c197b836d69d3da641061c731bfcc1e122f5d9867357dc844ef03632c4689d0fd22b8c432e667823846ddc785ef1bb6be92c25ba083be9ce21c10d9332baf56c02583d5dfd214174e0bb22a3a25e0e09bdefbc1e032c34dcbeb6070c1ee4bd06cae611eb85340b5850cb574e54c77ff6822723d0d7d66c34391717daaa32b100bbb6eb894fb231e9f31e29f26c0eb9dcbeb6834d7e51e0c3195f5b60ef227ee7de54354303b88ea12c4c15ef0b61a774ebc4a8d2d0b7cfafe25198c03df30328b0600c007c0f2bf33a4a378b5cf9fe4007a963abe79706c2e9f3cfbf9d88a5a7ddbfcf3e33532e360ab15e76e9035668069ebb7dbca87b0d9c5aac687cfbcb60bbb0e159f3fa948832b40caaba602d5bc31653938b9b1a433d32cb717110d5075622dc297d1185744f0bdc9a60f5284b3bd721a60b83cec9cb0f58a98a2038d431b1adc0476154f9da64e51ed51014dd563a4dd0b2b30b8d291db13a90ea665db9d1dce2003886f8fae36f6ee4af0e3a47171a975d3634f6c9f988d60cc6609582caef1016cbd52ed4e398619cb84024d933d9948e1216a588df78f44211c3f78d5665d3751e666c3b4c59fb8cd96867b47365525112ed5d92faa57193a4156732ec0c24eb6c47d44abce65f5329de0fac779138e66973c4c8bfa1350c8e41d22cd46d6bac32b4f62f0f94480d0c37f44aa52d52161b376d55716f77088e4c78a855836c678ad412053b56fb4c0da1bcea1a5ab0d51c47de03088150add40da5739531abd7683da4b32f8379c179cd6340bef2c5a958fee5297e054df6a9efcd4e60ea7f730be4eaf49432a5e5d3f129c54eb9d420b14b8d436b335ac388a0c9af6e3cf2a00b38295cf1996ca1bef1b9000be929286bf9febc2308403baac54a2dec03caac7952e2a865755c5c75d52a97123e881d8cfda36ae33c4c3eb32379ccce5e71314ba35fbc4ae1e8d41cd6a55a93de567400fc062b054175f78c23ec42348a63dffb8706c7598c4cd63c730e1cf53acb0fb9fe61694a75e7b40d419fe0eb33786e8c3b9085b9f3103435a461f80172514651dfe0973afbc0b889c04aa95237bcc88b57d33f898b6afa1944d7f59c92ec59661ee4b80f54718c4189a75a8cadabd4d0ed3265ef5a991705e1eccaf26fb12a7366e75f294a7aaf4fed2c9274b5150bfda51c2f9218d311462b70d09b713a113da72b24cee25dc6d98b560602165d23959f1141bcca5dd3f11370a897b836e6040b867b32eb4bc330db678bac482dd8d6148da630cab8a29b966f0e14258dd25e7382064de160ace577cff134d32c744d6ef2c5c428339092d323fda52aba8416dca1037e911dc90475c8ca5dafacaf428a9618021cd02c8aaa1589860830cc8a8d6208d47111c8fcc0cd9a5500eaddb16185d758dcdab49889561bb97bdf33a9195b8229b9dc9483fdc20967bbcf72505b11b2282a39ed8cc0216d796b52935c71d23400f4eafe27a8eee3d6625de348cd33874f4406001d59194c98f02c8fc32e87f52068e039ed20e90175c0ef0b68a6cb7cb9bad4b361179985a6835747339264e2029c3062e5ab15a51102bae8c31c983a47d92c9e0748df2c408a9c76dce75e3881714b8c9ee7a4ee62eddf105b0d128d09e9c40a069cc30eb645d4fea537bb80343cc054567b259a7ed32e083d4992615ccfb40eb0cab2fa4b68baf59c8af683ab35bc4953bb8481916fc41656e09b08fba669cc329a57232c815d3711649bd09676ab2f3715cb2806dd6e6c2879653d60c73f318a4dc2c0e79955f69abfa6c6b315d5f997eacef3f33d689b950a368f5b2bc9c93a647550aa20ecdbd234529136d92e6fe885ee177083ad2d56554b1ca1de692faa5e2f31064daaf5665c87bcb9abafe254ac027cc6d32d4561cf2a6e62c271eb085529d393d22c80421e3374fe51f4ccb83b5bebd22363a9809514742957ebde175d6f4ebeb0f03f41ef05eb99601beb7da2041976b8662053c3d19545584dcb0367acbc97bc4c9d43257d65de15f69ec27d7da201bcc3b0dea188e771554dcee7a416ee065ad7599dd4c474952ac8659d48f5662398737cc71cbb30190699660c461b5f312331553354d4b2ea39264d4b0d4644729117382a0bf425169ba5a642ed5a505caa19db7327a438251cea096be61e266dd10ead4b144168ef2166f3d22287489447743f8a43b36ad8a80ec44ea312885177cc4cd5eb33c809955035fa2888e92acc3c2aa3964a3011219d84015b8722ff002a50417d256cbece620724b10552ed31d9382a58a445ce43319305b0dc1ce25d85deaa3a80aad5219cf672c2183060afb089c2feec32578569b7fc95f885ecc44a34161da2b9f025d76991ad387e66942378944cd385a7699bf4561b46375b3a31a62a99f899592ae7f696165794c4d60d64576659a0a1b859160a7de13668fd488973d4e2943e50ba01d19a2424e78c430abce107bb64b6a5fa1b2124d316d987039831889aacd915e6ae6c24d469fba6744abfbc7e107e788359e538be7a4ca21926266af116c1a4147bc5ed29751e69058d24e20600b406a6701614fa132d42aa9de26bab3384961d74105a2ea2a17b84f67d672b1a407b411dd0b738a8345f2c6223289536550b52d80e265146fb73a85d3c541653de71301b2657c4c058ea906840cd56a08bfa673e6a59ce08b5b96681149b29de503f328767a25aac5057594aa7b92b5685665b4d91598168416a604e9b2037bbe20d015af586e282c56579949367a7589b34ba800ddf5cbaccb041d4ec8df4608232e4e3fa869b0e4efe91e1f142f72f965b51befde22836e7a4e6232f669177d8c370da25a468e9b970d672c2769a5b0729c7646e2a6837340697d8336a816e72b0ed190ba06e174de724c25b2b71bd088a2e465097dfd2610e1c35d21185791eaf481460d2352c355985fd22a6cc4b0d974c759a4dc4bcc660d9a69f597879eb1ddcd3da0fa0c9144b8348c78afda1cad5d22ac45881eb2869dccb9dcbbb9d78c4a8b8ad5cbc11ce5b6daf7948b65e9b83a93bf82165a8138481c30178f7439acd4b2e744f7e2272e23694d4c55729822b9858e98278fb8b0062678e1864bca0aaf0238a686351031758bbb315f30b525a9a97b60714497edab8354eb728ae6e665b152ccbcecf6c450e1e93b35c5ccb36b112ad8e69f6830b48bafe21d7ae5c43748715b99e5afba501781c6abacddf5ccb297b08950a28abad4f5495985888d2c5eaf8f586f4d0d3de06e0c3eb042f7cfb4b743faf6886d0ead9da656beb7da35e250038fbb3207732a78ee1032a17046e5c3a8c17b0defa334454ddcb58bf5954837c8fac6e425c5367557698d42d654c5c4cba5896f2cfd9326a53d227253288644b4388c62e3fe52c34ea22c7da175e92c6b887be3245990b22bc1572f439dcd86770706f1159995de39ddc47885e92e6b1503566a55dcd627051c7c6a50556fe85bd6a064aca1f784d89a4cc2b2ca5dc2f12891bb8064188677a202d88a86862def1b858da15a58959af308666598dac2c6b1cca9e5573a017285061366e682f7302e6a59695ccb55b89673ccadc4ad445b8b757d71168ad1f580a5ccf3715a88286d0bd0f4cee728ddf05ca0de4f79baec4307f11acdc305e5a94274b8dc53111cab911c432d93a4758761a6477bfe2355c5ea07bcc7ab5bdce65cee453a1a1da11be877d25d97d0fac025643b21ada72999a2a52e0e736d9068120b3740c6df3335ef1368b440d4e498f583beff445b082e9a8fca750bda58d33757a92a7794826794d14a8b185425b4fa30081724de91a776e44ba53eb01d1a724ab0db072a8567a3b83cb7306f86731a835631fa5ee6387799b575d218c02e537d14f5ea8b2b7cac1abf789a54475eb30ae8955a87233502f6e0971e5de5cbf5cf49dd268728a40b4332b29da5ab2cd06c38374c0eb80851266e7a8276635eb433ef3d8b8623eeaacfacb60710244d9404b48e905cf211bb55982aa56b1288eedcd16b70268855bbd712b8ae627c4abacd84a4f53b9c4460d7aa0ef859c4015ac603da6645ace65b59ca86a08741764dc3593d1fee713b13edfd4292b947e25466996ae37995a1ce201e89706cf55c73c4c44ae6e3d3187a84cb8b54546e7b317a81b4db7166656df982eab211bbefed10ab29a982b0c0ed04add67686235c44a632441e8e48b70ca1984427a1926224bc567b4f6c4b3d51b648a9ae18554d98653519a2d31c9081eff00cca15cb86185a63920e9b9ac0dc7d614cc6930c72e3895547e58d368b81c33d8ba8215895d94cad8faa632d1b970f371ba35997768cf78978cb0d5b1ddb17a8dcc139c5c26eeee51bb5b13539638031d6548dcc85a5494b7876e203d7986f72af83f45afde0a177898b131be063b16f2c159e688f5cd6e20d2bacb19689e972ded0ad31106f877302ba29898e2fbca3a7b4ee17320f94487103be3a547d450b3a039a8e3758bd4510508c155b9cc937a68be97f89ba8ca881e2ad7e25c6e234719fbc4ece098d0c0a20da63139698bbce2e19c4d95cda1d7d5506b8dcdbad152d0e26678951ad47c598769c43b66f3896a4bd1ed0f7eee643940d979d934bd938510d308d2dd4d9d5f77ea010c45ebb81dc4b975f5115d63d9d983c2cf694e4675da001971f6664b1ebde228a7b199b5ea34989d75267cc379c9107a13ffda000c0301000200030000001041c638fd31a64c3c86ed9b4e75125575ff00773e35ff003cf6e7beb2cbfa6d9db49c3957c03a285e3b35929119a463e39ba9b45dd415524a9ba1fdf69b3d9574f7acbad3bc3ba65a6fd1139646cb9358243a1ddbd0d43b1e080879ae64eead09d304624f0c67152d2e7cd77cb9eb9f7f9864c7276e4ebe4ae8a2b299f5a50657f4dfb13a0b5130033c31032c62443857f4e75eb38a8cf7920f53f2d5edf077eef00d37c6bce3480ba18c41e970faa388f04b3852c80c80d7f36f75b6dc03e40c3b11da3354f7a4993bd198027e664a4a3ea48aaef9edaa2f4f1c038e1cf28a1abdbbef3ef335a0300bb09d25d85b66ef4fc07c5fe99ee278fa288a5c72f24ce000a38504f28c2b9eb9ad3051b0ddc39c8cb3abb13a38e536a0adf102c4593a892a975ea2de0b270461c90cc20a34e03aa4b089408da008fc4d38823a5aecc7df0eea51c0c9962bbfdfcc7cd73f3384c24410c0c4456f59d0aa8ffd6436508ae1f4f6b27a8f2bb6dedb2028ebbfbeb6ff00fcf0f33e3a90120528eae138175f5764a1464423afaf5ba30398ac6faccd56c49abb35d3dcb1f33cf4efacfcd4d306ee0f5b2dc249f72d66703c552ab7913f9f369e2c5a585269825e35fb0df4f3bd36ebbff02061cd7a797a0f4c3247e53e1b893fb394f9a74beef9c50226ab30e34ff6f30cb5dfdc3bd35ef92e95cf2e46705281d45b262dcd04a6b5797ecf2fd918e12b93cc37eb9d3fcf8f72efbcfae7bb075d685bf1edab1dc9e03ca35b58011356fd66c141cb8aeaf5cbfe31cfbcb0eb8fbaef5c787216a71efe9bd920c37647d24fbf22ec37ddeaac1322aaaac74ef2ff000c33c30d7ed3ff00f1cfd113171fc36c567a9593524de3a82bd64892dabd59d0abbaad34ef5fb8fbee30cfbebdff003dfc2d2b56887f694f19fd99ea9ec79a855fb37ac5f68da22abadf4eb5ef0e7cc30dff00e3dd77ff00b34f438d65228925cec8f7c5d01ce6b9fb0dd5562c4b2eb3ad38eb6ede690432d3bd3ad79f3305cf7414b5197d503189a456c569b5694cdd70c3eaba8cbad507505de6925de794ff008ef2eb6248e000e3fd06bf7bb3c99173cc62bc13861003a2a971ebb5125da75f7df716656fb7fb7db7824c52a5682c909b66ab1d34e50c3ec7fa2c1a1925b75f9a55975b51e59e6185d9e98777f7a8cce071722b26e399cedfcc94304be3f06dda679ecd1555a65a51b48c01945f71761963fe3c85b9d8448d7cacefd6c776bffe3cf094d45bb6ea9659655a55a51f0c30df7d07dc5584d96bd0a3c011ebd06c8c4e39ba3133e35ea3bea8382bc1165a5d96914cb3cf3880dc7de4db49c453b214616495a820b1868b7cb6488e8718f6624c55d971079665b7891cb28130501d59741d797e6a6dce3b7acae3547bbdde464f6c57a9923410e29cbe94f9d89083c3f3478bdc6f52623fd7862a28f53c6588c28b727c4a4c584fc151e060c6d8312205f3d98023b0ea245f4dbb52407c3359442eefaaeba7eff597c4cfd90b9448b816b8859cc9ff00f30f540cf9f12722476f2415272fdd02583b7fc1841083a1de99e5361cf38e8ae3822b3473b5002898cf66567273fb692ec33e375caef0d401957e39eba197a6cee8a714bdee7c144f81c37bd031e7100a0525a97d7874cfc03595cef7608c7b34d5acadb4718f1ac4ef86f142ba3280dab72156ea74af2a1ac52662592e5a69765040daa831a6abd7cbf0f3f4ae0fd4ad3fdd301dd9b526165edfe20ed0fb4f0683c3d149dc96fc43404b1e3a6d4c84cf7406e9155ce12303d0b2cfe1290c22baeda7477ddf60edc790b3028a5089873e2b482435ebc1d206e6d2a34ef42345721f4249ff00a0f55169efb10433aeb03c6001f42e37cce25ece571a4fd0c0f44f63489374f75e003a9b2365090ff08b75f488f333e8bcd43925193aec76ce649c4d48a2ac21e60790dcc1b7cab5b350e11ac27d805ee1577cab18030dc721fbef4074185ff6207e8e1f9e81e09e77e020fe10a1fa0f9c79c8a0f1f8fd7fd7fcffc400291101000201020406030101010000000000010011213141105161917181a1b1d1f040c1e120f130ffda0008010301013f10ff00172ffc5ff9d251dffc8ea9cc977ffbdf0b97ff009ad4735223b22ac8dccf03f7ce519c79d457448a1a7d1368fa4c7705bb1175fa83ce585d5cb3f5ed2b724f3601cb70bf322b74b174ca6057b4420143f1effcafa981a378587e288e30b843128c2802eef28340af29936b731297a63ef841369d0217b5da6215ac172ca424609acc9a65064ba594d0d189f8f72f85bb1c8204da07170370cb007dfb510282c635311bb845a22cb352e93618c74f48423bc4b9ccae88032c4ac52ea5942cbe88c084fcac9095e423d5a912e3f50da9af4998fb5c49abef940e9f5da2ab2aed16d086eb05b40685456b5944a266be51a65889a88b119222dbc4029de316c7f71fca7572da934547618e3af4f988e9006330050421382cda359571106ac4db88523a512a975979422fbc1e716de71d1cbf2db16c1a8a3b476a05a9325aa4c0a1829a912cb28ef1ab99440659a03055ab7d3fbe730c70abb6c96acc07ed9360da744540b4b77386463f927a35850841772d58d60b78a6a46ba3106f28bfb7bca7d8ed2eeaf680cd45ac45980f4105ac5eb2ce9cf8c568c54b77d6629986aa3ae1a4c443eff18872758fe4d8cbb2e6fd2626632e0c780cb03768d0d2a3195536df0ef08e4749b8a2b31abacb94dce620541975cc61dffb51dbd47f9ef1446f8fbe11fc9a5dc10985e1172e928d44a5af64b382e793e3f7f72841da59143ef4944bc6ef2f8f78ddd473743ef9b375dfb4d2100c5c442255f0821426a1a822947acde843af92fb83ee32a374fca1a57f3941809e17623b0c0a41c2e861ad3d62193b7c31b11fa7e3bcdd457dda01531cb7f0ad8f57d650a4ad81fb8814155e52c2d01e707b52e9889bd3ef9cab2fe269aa768dda499485623ad56df1c9800d6b47f4f2ae5e66235c73abc9f861d0fcac709666025da5a75b14dd1dc83afd4860a63943d55190203afc2a66fcbb79dedf7c2244e9f3ef2ceb041cc0b2182a2d66e5db98819e70a14402ead4fbbf2e51dcdb367a7f34783f92e99169aed736819b41ef1d3b36e2ba30b2d635c198116cca58f53e1cfdb9b008d50f9afc7dd66334e86bde2bce84d88d2c4225ccb98404d906988e7a940ec7ef83f922ca321d667cbfeb5e70e030e4fbd189788daa724bd6d26cd93170813e43e7e357a11c373dbeec778eb3f39a5b2a0238b1016ea5bb4bf9258c54162639a8bda34bd6359dff002db9e60f6de501d03367f7e890bf57b1f3113f4fec2ebf6bf317c1e963347a7fb001b36f376fd1e6f94a9a65e7f7ddf2379962876959ab1cae0e50343f7bcaf41ebff2359d934f13e6215cc38f058f3a1b23346609161c7a422b4cca6e48c7f25990a4565e7dff004cda1f43f51c843cebe21cc3b7f081ebe83e222ff9f11455dbe3f1129667ef5a88dd15e3fc9f18fb701ca64d888f28298da5b4e7322f18860235da25594a80b16dd662eefcbd6f307a116608aa3c7da0f0d73da0984c720f88a8146586cd61b2a3e4aa58dc14dc097481609757325b4214c37949f768a97da3e42509612c6e7bbf330e62ab5073a47609673ff620c988651b4aae200d6177c41560af1f89b8b2bce6a51534e67efdd651c622dcc67bda234b05d197b2c55a12c23f981a60aee7251c6a21b77fbef16aa21844ca7bcadc3e912310bbb82ad3898f2c7261b3c28188f38da2060258045ccd0b837f961c98e15c0334b2ed0fbcb34c4bcc51beace781201807397584a06d8e198edb8a1a4b3ac50b4d62d660cab98691597cebda3fcb5335062434853483ad60ef25c068951cc5815095cb1a1185e8eb0d3b6c6e73e9f30064effe47229da3e40f5806d48f210abc9e7c017ca1d1ea7b4aa6ff002ddc1dc882ad3b9f332e083e96ef3319f489ef0c357da58a2371c6c1f481fe92d2854530f132ab0104da88e15ca51d498a0e862a4e4fea7489b748b86e6fe21b6aff002d1ac42a36826cb9a34728456de882b486cc95da007f7fec11a57abfa89ff31562df587819ef3224a0b70f3afbde7f010e55da02817321de99560e6cb8d256892f65fcb5ccbe50e4b0b1f38e3807df1868a8f2996a0168d9f7ee2a1a4efa316518793f3f3de689201d63a1a987866fa1e29ff3c608eb3d0f034fdcc86b841a4b89cc8aa614951403c6721016d130367e5d7223897aa1a4f1ca5e5815c4b0e21e83efdf1969b87ded0d035e3f73ef16c6d5b9fd7f3bb28575eefbff00263194a2eb0349a951c2e1845598854420a716bbc18fcb1da744ce92ce9307046f9a80f5255b48cd489eed37d73062820b508341768972546ee7ebc89928d5aca9597ef8c7aff7bc3622b0304bc5f9794ea888c40c73881669f92b5f8416d08bb482eb33fcbefbc4a968f38d1173c482194a116ea08ced1fbca234c4d63b22da6036caca6653d6045964f0902fc2005a86f444b9dff53a8757ef5852a6349d7dd3ef5ff0b4d457694d6b3241da67fc54ae2b5104be0d1964eb706763b429a8ed00d0dfdcfeca8d179cdc0b8d42aa6fd945d73e101aa3de5f427361c15d2b3d7e222907b1f318b737de530b7ae9d5f78fec668c18658815c40ab4b52722fb10561bf7805f54a0c4a944a250c4415c10d6522626009a4be152a21c40f29e19e09d2966d2a623ac6c4cc3486363a9a79915935d4d3cff009da2c5727333fd3b41acc30ce22497588dbafdcc108bb10d30d65e6f8d61ea54df42523d75883112f3d651d51b61650c437af88494d7f70178e38661811e0c4146e6f2ee11ba8a2b12a5292b85f00f28d8c55925c8c5b1e0496facd42a99f38eb0269af33e3e2252d29ccc3dbf9e71abd0d1f888d46045b62169473711ae5574f97e202e80f53fb7da2fd7ae5f8f78e633e31c2e2d4b3de20cb55d6d09005734a034fe4a9c951c6b0496469a7024a864952e16883acc31c1e0118212ee0ed1a4a2525221362a3cb976a45a6fa9aefe1ed2dca9f1f9d602a34e4e4fe7a44280ef195d1e07ed806b479e5fd45ad5e3eec545222ca7596ed0392322c096109e602914eeaa235578899ceb86061dc945b952a547833065b12e5a0662ae0e4e352b8198671c2cdb8552f2d072e4bdc53764014393ef78103f2896115359cc98d44771e92a8d150d3054db44e3ccc78c601f07f4f796a18d85f98627812a53125431077e0902b850f0318e2f0a83165cbd64ed9fec58b76fdda53c7f52ba1af1f98ec1da61eb30f01d712b85dba69dff00915515f782d50f28ba16fcfe2bde2d83f5fd802862a95898499452a19a68964b8f78d499abe472fae49903c8ecfc3335a73818ded09598198a0472c312ae1185f0a8972a257f81e14730c135e223a2e2f073e39fec4b4aaf5fecb6a67b478bd9fb94aebef0256bef8469826119619c9345e174634d631c98e2a5a35c2db41096b053a3a7df19888aebaf9717483c1cc28c4dc85b5812b3c089c13804a95c2a041859480949595806929284aca49733c2a5794e94a98a85d5c2a7280cb32d502ea409882f044870bdb8749a44dc9970382f05c5cc75e03c184ab8638512a531214e265a8f6952a113fc92a4a424334821acde0537121c01349a40bc43721825cbae097298f065dcd3824c92e6b037654ae1cdc148888c64ca9503836892b8ab895bc42a5626b30c4197c369b4d125e66ae0c1e0bc2e32a0cb951d204a8c25c6915135ff00818438084db857034869344482bfc1c0d66e8b2f10cff87833786638e070ffc400291101000202010107050101010000000000010011213141511061718191d1f040a1b1c1e120f130ffda0008010201013f10ff0015ff00905ea21b3fca6b3a64afad0e2197845354614605794c729f7f696629f2b953a6145fe504e3ef32541350e7fb9dc7cf480b43f981e5f3c61a68f9117e0a952dc400d414ab2285cfe6097846b9f5867965d45c77211a753711164457ad79ff002237f99a513ca56311b9bdb14504ae43141886333659a9a59384d6097d9d9f57464dc458a20f98e224025f9f2e5f0aa485a12f8ddc3708100e66c99cb1eb16d9c4bbc12fb415c10aa05dca88d40fbcbbdfd1dffe1828b30b339cca62a2975df0c07e5183323e79c797e7d618cd7e1702d9380457313d4803825c5931575870200cc4543565a880d886dcbda1f54727033608ad9347afb4370a61c315db1821ca53cc0cb92cf1032bcc6d335b2e9e106a3dd0398343eaceb51202730ab316d3516a8a63b6d205a60d89738858c42db8ea094f296943de64ce596386e357114327cb30dc0480b818e9159fd5243665cd5402885d980ea01a61d442dc5452b5797f25865fdca9a229ccef60b22986d816f23ba55dfed3944a235e50b9996ee668ee36d5bf9f9203d5d7d52540a67132d4089181cb4141c699580b988c0ac43e2fd23bd5ef9670220d542fc4f0c385060b20aab8cfa7f2e097a4afdfe2215e35f55a4659a275443173270a0859f7c39e8967dbf3f52c83d601a59f9df2c839e0f9bfc42a59474371d068fbcb3292ccd40b056ebb3206d66a370a2387776505a7557a35f848f6ddff00542dec945c93bc7d61ce454c4788c4c957e102e3effe402b7dcf78700dfce659033d78febf63ed2dd8df53fa81e56ee00a84be5352077e65bafcf2974d303776f5ff0090a1631ea99c317a1cfbf52284a86cfd9d7c7d730a658d3ccfe45b9f54411511771ec6a63d256dbe8c4f43d11c862255afee1054716facc61839ff00b0def7fcf494253588e22661d255105655b99be6cd3f38ebd609ad3cf8ff00767d5e0b629e0dd4eaa4beebf10cea81cab88d14132cb16b44eb87f1e3d3f3d08eab69e41323bef75e901c733921a8900981948d22ddc3923f33f5f568c205b4bf9f85f94583637f3c2120750e529511df941aa09a79df6f7d1e301e0ff3f397982236c26d43a9172ae53cc35997732b28e2e062403508399f5654a33d7f3c4b2f238f951af47abed027bbf91a6bf33da57bfbc96d9f7ff22b54e8e873fbf43ce125b07cf95eaf10c32fbe5fa09ab1679cb5352c5ae3e78ca71c8efce097d0fe486a89e26e89691933093572dfabeac8a24ca0d59f3cc9cf1f77f701c27cafde3d07d7fb15d7dcfbc15ff7de54baa3c3de157a412adbf9df3dc11673305b701e706fe3080f463c0f08233092dcc00a6d0536a899bc7eaf4f88bdb02ee082f847651ec8fcf3800d43a1d479dc2202188d9446845f32a60a6e599f10adf3980e257986e0cc0089b385fc7d619400cc4c4142c03e7882b115f1820cc5b159128cb73a045dea1820cdb71f3e6a77e608c13154418257b253a2a36dab99bafac46256aa3024b9668e3e7e205dc29a8258195b27de08e60355004b3338c210b0bc161df0a732e916e5c2a0dc79a895f56bc480ae2d8b0946ef00abcc06c085744e88a6288844eccbc621d10512bacb0805a194b8892eb72a0af9df0d3f56688a838f24ac45618bd998620415c74486509deee9ddc7a4194d7aff002238f46018b7ac1c1511731865b4f1975c429141a999e2fccbbfab0b87d9826e87d1f695c14a764f95ceee39eea51a44976a522bf84b2cae1487819652ac72a8677d658d33244192581d7de56b665fac0cb38f78c515f5625c5ac45cc66e3c529d620dc146ee0ab07da51d8fd8fdc1ff00b82363ed29ca57a4c2a4e132f286ea8b2445e26020b4a2570418ee5eb31140e9f567743ce3df22880e44c376f9c76d4572e9f9f39896cd7792b5eceef6f69b43166a0b2ba26fe27ddf03e79444d07d5f17e10c09b91ab28d412e6b30b58e72c4144c8e5f577df0ccacc61ee86b5040ccb1226e6adce1f9eb10327a7cc4315b703f7fdf48cefbfc3e7fd82d942143515b8182e0e6a566e5d39998c6e6215b593eadadc04159804b0a5967171eacc1b9c060c5146046706d635a58ec0f5868372f5884c2f8963783e7843b88f24571943aeee237905b81814adfd481cdf9f60626c651a8b6cfb433a8f08041cfc189ec9663a5684d01046c9a2206b08f8b012f23d45154986ccb9a62c684ac15471fb9dc3d401e4ce5aeb2bb42cbb80732cbd473a898b98ff37da1704f68b4a67753ba11cbeb14e97ac5d0ae3f72c428e9336154332ee3e84b87ba2dc3f69c89d8abc47a30dd4fda05853d5f680ae8f49de8abfe7e20f9c906d2a3d4a503315d2542f487e58b3e11201d25df65b2d969131760f12d828289d4324aecb972eb33bf3c53c72fd658e6679841946cdc4be4ee77e4c061df73bf2fefac01b61e8e3f8f9312f11ca2b44bcc31f3ba229108ef14d3c9efafbc5d5078dbf3ca5c9d4ef762d690a6425842b80f78d21d7ea0a7861926a5c2370b82c86a6a3531704067b160f654aec3d5309899619580944209608748961d650723a3efef0d036e8e4f27d9f2825f70c9ef10da8eea142e6006deecc39a077fb1ef2c6d5ef68fd1f981e75dd83dff00043b38f0865502e24849375146ddf12f14b7c170cea2329876032e6bb49505265d8765b2e22ea2511398265b2d9685cb7ac3ab11d308f024d6bdc7a328d8787b6a24b77d4c3fdfbc0022fc78cbdf6f17f44b6adf2c1fb6016eb3f7f56e046ea5f29e6270c5ae958b68538b8b0b357051ba82f95101b3ac0854b65cb87613bd310c4a6a2c17d8635db72fb1c4ce509229dbd652225581a8135152bcc422560fb16752fc4ca84bf897c19995b96e73a028f473e10a4fc4fdca36614b44777d8e25cb20cb8e49558ec1a8b70975d8e085f691ec4812a6d87d71fc8038d7ceb2c65fb96592fc3da06afde669628cbdd982e147dfe79c08b6af48814216c857cefb8332fee09948012e5cc2045536b650c434ce98540f33e75d32c2fcc7ce271277650ae63552f17171045860ccdea5c611aecb832f106e54a844becb0d45b9ae651b401931e1f2a08b5dfdbf913a3f700b7e5fa96069142afe78c2d960b329da72371efc2f09041656e1469cc4388336779bf9e10d90beefde19c3b52710c44083c3381173071d8dc1ec1ec5972fb2d8b1180972d97d8b4b36cb106cb42ccaa251db69df4b39b8d173bc96f58b2c8118d34c6d98eb2c3b6bb3be6e5f0c6ebb1ec12a54ac5435fe08e65d4ca3097171062c7a4ee8e0b8398bd8c19b768e67d8615d88b388e15163b54cdcdc5a2e3a18ee0712bb09630ec25576928654d45e0972e2ce89a80c16e154c0ecb8b2e7306bfc2e5763dd0597351de5891399a9cce66c67135ed4ec3b2bb0624a9750dc65f61950b4040ff03fc11dc7b4ea69ff00063d8dbb4ce63b9c4718ec08198e3fc1d86e563fd7ffc400271001000202020201040301010100000000011121003141516171811091a1f0b1c1d1e1f120ffda0008010100013f10c30c3e918ef38c3393ce47d0e08989bc58723358605a04adc61f539cfbe7bc2323e8070645646467dbeb191919190e27bc8ae723064644fd1189eb23c18cbe857e992e8c07a3078c0c8ac8c83232311d6060c4f9c8bd64573918e1ee7232d9159189e723f6723378e23231323235913bc8c359b7030549be70efce26fe7127ac0bc4fa9631ce3e8385fd5a3224a59ea6b24ec9c11d2629b93264dfd1410509d0e20ecc88c4930460188ceb23e321c866407bcbeb0c0ad60607ac0eb0b903c47f38b40ceab210b8d41723232323e906463e18c8eea58c747bc6029b3e44c6d08a4a6b4a71265a608e873173f1aef00c1493f40c88f38958991fb196e32334c8c4edfcfd09fb185e45e388c8e73bbc4c423253a1f5959191919191919191918991919191919158fd23c65ce4237ac30cb2b4e44988c9917f7c75890f9c085c6f090f279c8aa5df79262e18656211e624a5d2e8f58bc0825207a2f78d8429029e1075c89903d4406b6cf838fe720ca4cb215edd193fe1011203a61498c914668d3648b27db1560914c9396310379083f2a7bc9798080ca3c84ca6489fb90089dde0b3064290fa778b00d0c923ed868a462090f7d61d87246aabfaf78364448ac1f7efc612321a01507ac4204b5abfac8572893fbc6586ec9813f2e2220ca09d9f063221a80a917de55aeb94cf1c778cf352d1220a8e5c757f6a71db71cfe724cc24d03b6e23ef95f7329224820138f5bc2b928327730d6dc8ae1c952084007758c6524c4866a454c5d61efa104afdb2de10da60d16becc0720098271f8c37f04b6cdcca66aabde2535c389714a9f3ac712199d5c9103e4fbe3f829809b2b021be68f392c8a57f3c01b8146f04819e6611022c0c0fb735ad16ce362a0f18723664e9dc9a878728273d6b230c8323232323192389f47e5898647d107130561884e2720c945138cbb1c6d267eab23d7d6339bc3236e2647bc4c4ce7231afa0d08f6b9752f9c09b67e338bc68b9c02c79c7664b28cc643cb3f8cfb638984eb204387ce2c3b2495fde71321a849d275ea3e700311659f4bdfef5819090bb02fdf011a4ad35e6a39fce50f20eb6e8474e9c01910d1748adfa6f197156b5dc70a556529536133a1133fc675848522411aaac751c96ef52d57eb108019b69502392c13bcad2be22746d0ef5bde5d50cd52049097647899c1adc7715ecd857f183be8075a93bf9c7e8a401035293c7e720e03290e49510f9c953f3583a80dc73ef1704a6ca986453fcc0cd885aa44190f2e08402b10c9d4aa7d6f27ccb1810cc05887f1ae712b704073d4975ce41868c0b0e4481bafb60508a84077259bdfe323d24aa2727642481d6b78aa371a948ca811cc43ade23cd70310a423fb3d18c3094e2f7667e48fe320ec5912266f94fc65920421801858112cbbc77860455880cbe1aab327e8f68a70867c7e5c4d221c0bd40bf879cb0f9554ae2095c133ff31609100dcae1622f1c311092ed064ede32437818056c916637791318e541e9083b85ac61201584e850c43923446d644f9044c29591a7275826e405c5984570ca564834430c1b9ffe5fa049913ade47d2322f123230335c622584e98f789591de45641c994d62391e322e39c465fa278c8bc6a91c8c8c4c8ef131322b23137810a9fb606611c68e35c64e2fc637524e43ed802090f7918f18ef1c8f58babc5634e17c9c1fbbc8bd0509d1d6ed7020d892e8d03373eb5e7145da864374c79e6bad619930290b0afefc7df21552eaea489de104f2a101d0db52191bb5c911cbee08f9c9ebb47301a0b10773c6487d8a4a924cd12e8780c1f7aa1080d1b962df2c61ff0041000dc4936f5d7ce352501e57415dbcde2c7e3909044dbaf78949a70b377b657f1384e0ec294c5a5d78c3e692d88c81a52c59bc80bc300ef867beb06c7125413e8d944ad778ba680a029052688b82310ca3711cdad41ff183b04ec4bb35ce89f2e2e5ce2b348eddae1140dd8c4a0bf9ff00cc2b6e45b486fb6ff8cab1379034fdbf670146a4829ad9153f88c51160d0067bf3933d68b531c273af8af133471911308cbad6ff00626497b956528bc43aee3784e5e9649e33ac5fcc4c3b52cf4a07bf5964c695a1479b4f78f35c49e79008e5b578a8c880e823d84077cfce05ea03a1a978deb1cd05565527afe0c232eb163c3fdc74ce69a474656d300be4e5c3feb57acc0b264ad739e551631ccad9ead2cc297e4ccec2d0121beb5ac70ed00c119271bd4f0f6352de281089b30dfd0672fc7d0c0c8ef233c315ce2a6b0ec6472390c4981e32310c1590646264624e7a64609de255390f53eb20ebed918985834319e32312b3bde4677897ac88c7558e9acefe839379591919138cc56131790367e1c25611c44d437682c6e0d1f38e62164383b7d7de7256a1506eba1f27ac4ed06afda2263bc166ba17cb7296ce223642df924ffdc861d3332d25b6718ef95024e6fde110a665436f96b1db5d383624c156e4bfc19321dd77eb13a2300a3250fcb021b42449104eee4f5384bd187225d10cff00cc4f547a7f2017663de2d15b4260f5277a7de1ba5d916a48ad73971161ac6d822e49f3cc217411efdf6e5e012b1c3a8447bc945373058620366ab00255623b83fb3ef93a324d2f2d7c17050d2536c412388128a94b641224f791d934ec451ccee3251340088444f92f0f6d244926bb29fb655aa46d8e13dffe623a085d2496b978c8080209d09947db1f3a604965c299fb63241a0704726a8e1de20498f556cf209f91826a4cf60127f3ff009936212485322ff664725097bc618db1e4fbe287698938f073903c89202b98f39af52ec97b3ed84d401085247cc3f963941549314c92c14816fac548680425a4b69353bbc8af709c844bf264f932433028224fbdfe300369ee5945ac797049a3b86f02555b975944cc7870465920df8c3daea19c6480ff0063e5c4347d8c2a45d79c00609d117f6ceb19488b76116fc64697e10fef186c3e63162c04c17fc658236504a0372ab2f2136c82321241d16fe300970791c899db425fdb19222e9e0fbe201249e24bf8c402124d0b151307b4c7e4f2e2743ef9032fe31b6e322f2320434b391bc4c0d1badce078c504141ea727625e8bc876ccf439f188be31fbb3ef8e2c2563f119b231fce44626778ce96c124fe73458ba179f6e0f2e2d671fec5fef19546549f69c21384f6fa380eb24a3921767ebade48042cf15f78e32272cc418ac152522687de39f81097374ea77892b1f3b604fd178a08a4554a44a6a421d07ac1df6060adb03cff986f328037ecc662f02832d7249a5ca6c9feef24cc920f947b9c1b1cb4c474c1ce680d396274de5f2436424dbac3ac748328933e8b0fbe3a98c84369981d7db2e8610625571fcff0058c07c0c97ae63c3d3e62723b0d095224c8cee299c7ef0250c9efb71ac0615a84902938fc190d405369035c4f13de562f252b6442219e7ad62a44a1a0a123d59759c29c1012a8fe58905e902c7a72363b5243747eeb009b7ddb520ee21dde141788470c3a41968efbacb52d420571d0203d06450091275a4fef5860a2446596210fb6f1e0c11695b9ae71384c00041f3dbb7791334cae71df7e317b9921446bfafce3eb543544abf63f3908d1a4909b7260eebac8221612cdc18c6d09861a07b9f1922898304c1627da232b86448d4420f89132e84c92290e7059c82d87d9818a3292fff0011810d624ef00e322f1277810a23d1f4b8c9a5de984e58d29893bdfd1191918c26f14ef17f460f54bbc680d26472d0afc1fb62a44933f66209817044a7ed833c7ecff7112665d48c5c0872cb263600f02fe3047b36bcbef22323e8e26b371c39174e3bceb1213ce02867ef80936a3de256385ade050ab084872767786b6d200f80d61e40d842fa134e46364d413931401705fe98d88a62412bd464bb914c24bcbdc5e3cd08cdaf71df59340dd43b513c614f1f08c49167166f2319519c88817d0185136b505a2ef49f18d4903d0435764c56c95d630c964cc053586455182e020a9537d46281597b19e3b5c5ef07902a406151f681def11026704a04844ca641edef45429c9185e2150812ba86fb9c5823444cc40c7e1c8844c460d040201f7c90c8e2c8f4e7fcc88fa6b5816230d3f388eaa4105006c907f118b220ca854ed6b88c62488965925a589e3ed81c434f33849a243bdfbc68056043a58020610ef10140ec867f8c1d3220cf724e5af37054a2a976be81cb8942346825cda8025c1795141470208038783dbb72dda175bc089106b7c378a0d41468501fbf38809606cb13f6fcb0c07a4d922be05f9c1a27c7a00fefc63c250e4b41e3979f9c92dd88686973ce4a83b53a9067de1cd8d8290b3e6f20f910f0d28762801a24104c1e73244b509a80775e738c7510ec84e235f192ca5ac9937861f49c37bcde1bfac6462647d6323afa2645e46264191eb232320b433487d983406f0383e84049426be723221c8c796531d390e2df18a6d9eb0857e8c001157355f7c52a64d49c61f39df589194273b1c756b1c1f4598d18984898f538fd76bb92cf2eff00dc2214e04d8f69343e5c0fc7c0acf67f590a748840f326a7c17941e19d8f7065483486c97f3842ae29b84dbfaef1ac74e71d0798c4d24aa9a245cf8d2391c194ee9053b582b244214a332790b6e38bc06b324b21d426bce3f176501aa3eb7e7027623d69d71a7c3f6c4900151470706cbafc634776da7099f277e1ca10302780104fc1f38cb800687987cd8f8c59b728ac34133e3ce4b3e609bb5845f07cbe70f99b356479b1bd7f9927cd822d54a44755847709368feb1eb44936cce55b695a4f588e029a141f7778bac3d88708801708209e3194270a0c498a18dc564b858955604d69c8080d902592f35275ecc8bf692d36df02c700718ad1b00e4a9614f7e30859001098f3dcd958d060aa09dbfa7784d9844c5a12ebe5fd9c45c1138e0620efecac801853311ae4f9c83e2f8400f5a88c9eb13630484677c735f7c5c6366a04204c416ccd1ad6011611937043c8f7f378d8306382047e823c59d65e2a9bdccba945dd62930c1af62ee9d1c15841003d66860e0e13f4130cbcf791e7e92513bc8c8fa99159189899191ffca646423afa2471898991f391592181f29e713591898cb7864436b8e323291e1db18c23c22b06c4d66293fd60acc0760b88601b178253fac08115dc980100a4e4e3a82429eb2d088124047ac20823b0a23b7fcc795da1614d575e671e41102890edb47bee7162494a30fb1f2d623db265041dc9de2a88b71dae631a83ca00207011ac2eb99408260476b729313908139ed1662f149ed7c6482b2a34c0deaaa37de4d2e07015520377ebac3f9c36e2a5812046b262da641d0122b9ecd63871274f52103f9f8caeb406c434984a239f8c8a2ebf4105012b525e1f44e51049dc4ca4eb1eb709591bdf538c229a880fb615e52c5b8d843418306e80c2068e3113324c4cca29b83052b04aae4091780fe72638bdb5c4ba2486c830af16a174a0f758946d2a76923c1329e060b68a18a2388c845a1326dc73a22746b179224c128dc9eb6ef5eab529306917996aabd33a5a09006d0b02e3b19b7cf7ce24632032a25346c92667161258a1202c3d891c614c88408130a3f8df78437a665e436b73b67178009c580ece4296be44e01f043c8aa0091b84ff002c748cd26768ba6d690e75bc13407253910881c37b5b184259c21124a181969e2cc0829930d61861f1839eb0dcd8e03178c30ffe8c8ecc8cf79c6249895f4a76632d6427d1fa24e4624e04106bde2646254623917958991898f44e52af12721d7388eb208a0c8a5013b8c0805ec4de31e8f5192903b90bab36f78c77b676f97c181c20decbc34ee61947a320d90c935fe6179c6201f03fd39cbca1407f875e3ce43ae96d63a49bbc4a60bc09f6aba227de36e24a6810f45b35ac85111107514dc00c104c4ab0ec891f7c459890417450d079c4299265988ad5808c9824c7801403c6b13bd816a7f4e306694265a0ff00b979920ea71089ff007024925d77de468081df2e28c02da45e404a0ae7acb0ac68b4601123284b6bbc5aa3749866311b44688eb0a3772b668c54b04a9718fa9f25c83529bfeecf846b360402e99e5a971868a440c44b02a854e74d5ed2898e052be19c780588d171e40a54704e72ac849dbf68db507c2b54280f4277334f32bcab89849bb1321b856e6d5d0ea0a5974888220a13757f1b842d61710b0093b7b3eddb360de89e12c518d00a5ac9116d9175d862d9c18d3e645d097fe6005358c91e17100b64c37c66c241590d53081219a1277ac432005a1c666c8625fcb0c6b50987e88999939a5f581e422c88c041e566bbc347ace1877f430c30c3ff00a8fa1101a9c842a1c9eebe9c26446462626447d6313233699fbbe91898e23de45647afa2625e4625632c8fa32c4ef22316378b8192c71b2a3e8fcb85cd882ef18155def04c92b9d614b0ed2b3b71ec10a7b7478c06254da4ae1668d3465547e7101d47aba199ba119e271bc0499d62454b89755264b912c44f5a3f18ce8a8903d1193efb0425ae4c1b053b2485d418146484315ff3d603411dccd6141057f2e42505f8c89221d8de1050055aef051042e0e3de2ce682ad8c92e2132ff2302216d8b13d42d6a77ff993d620408e6e73655d1dae2a42ef8ae78c9be3640976334707c6452e6e209ba0415a9c38bc0b4335c06ad3a6304a498ed3753134275c6374b8bc21101a6b09abc4b5378fc442cf2d7fccd2c06a54525cef05e6c0e74b01835c9273d3806c020e8d57656b5e36ab1d0c0a6a213bf5f7c275263a2245bf249bd9d98b1ca6d912c8930cbcbbf264cf42d244a83a9fba324ad088027522e89b75246324bd5029703b2507f6eb2d71a1c806d2566a2790d5e4b495c2a0b48930d2a7d98812e4096dc1b9a3371a304c3225406666764914e170043acc85c3c4c1f18911e8c0aceab0c30b5847bc30c33de13de7f39cff00f090cccfc6b21e1bc1bbc8e9c1bbc2cc4c5179b04c71f394e48654375973f48c4ce32a639c723231ac8c4bc713136626266f22eb104bc446f1312b0b8b90307c33d6f244ab1925089d789c984a736fdc60478799ef08bb3ce2c5d121389825f627c388f832c6328a3cfe43070ed8bc4885a3023ad193acec6d8f1240407a189e64a3be10f87bdb91399a811301aae3062012418fd6deff00ab6b756c51ff007581c2f76817d6329a3a3c6293a0d0e08853e3785881e6a32712815866f2408e9f019d180422466758f572b0bb0ff990b401865d9263de222cca640ad44d7bdc56f9708e64644dac82107f954de055d6c525ae08f391bcf0e2d9023cf6ccc1ac983012a2790e40e70c19a1d8b53e7791d0e0081c011ac5264723de4a74b6ee03ce4f55156c969fbeb270089b91cdc1be52780cba04446404b5df5730f8971c5f0501615b5b92d90e9dc1096c7772090b0e3cc70171340a91425766a299989bf008bbde2a382a347b9ea4f7e65e924ac054df53ad65619c4530e655ff00860b1827858e959200bf693ac88ea48a38901ba72686a722633ca144210944be2702a16164524a225220e3758cb51a802173d27e4f8c91dcb420969427b9de00202d81d9838387bc3e8383587d27e9a6b3f18b18a064524ce272272228c966c233f1838a4c439591f6c43266f9f6c8c8fafce464643915f44c4fa46263917f48fa249189bc471688792948e77fdfc601a54f51433dc71ef0c53ada3005fdf250031431ef80411a06b1ac200e0d11fce4290c52cefce70ebc08f87105b748b388470ebfd50f0720af060a155c8a589f333bc7cb505c8e949c7ee76c41db0df0c1f9dc066558d284f7811d86d8fcc53ac5a19620d4dcf9c9591f4a6ff779031240d533a62534e4b329778a6cde21ce14c96e8c08184a8d6edfe7000da1e9c58941ed97831d9e021244a9a88bf3c4e3aa810a4769041e1670388b930170886aedf8ee5e23537075e35f358c1d54a660aff4bd6278e0dd689ae451c1ac841a576c7ae6bce2811838189bf8d6096146cbf0afdf78c834750783f7ff001c74442dc92f277baecf381a132b427646bc3c42c2411555094ea5dffc0d16c198c26cc75fbf7c4919232407dc40c35313599ba6c88e2eb9158b388a5684a261b697beef085a8e9bb84412e7e303c3c89e2d39af1891a3bdb11fc4efce49ad980505d46ed95f0e16a3524882124d0944200c5412322a5b64844b7d2c610b565281a2f6499dcc60769b0b955733f9f9c5812273806c9c716d0b24c427bb1bbc30c1c6087f590ffcc3c7d38c1bde73664334a1938a6663c67ac6387c980c8a9f0e17b2311a5facfb393d8c627c7d19898c69bc13e907d23231c8c4c4c8c8c8c4c4c4c8c8c4ac7d63f48afaa63b870d3294aa98027ef308e0b314030d5151e78c2056d66480b0eb8cabc549300d88644d383ae8fbe0623b7d3c182ca5c5d4a057bc810a341047eff39501031a272e11a8578c6d44c11c1dcf39733e2627c38044c4cbcf03f82326622023974813e47208c0a8837b81f8c8e3748e17d4ed122e571a9e3e48c7bc9059163ecbb78cfef2a6b20608da308f0debed9563a0622389a1f8fbe344004251b34bb166560bd1af444c3cb93cd205c8820504783780910910d710b7dfbc9fa7f7311afdf61ba525484f124f1974cc406e2bbc6521e1457bff003e4c400265dc4c69ff00bf2e5b8980b43d1cf71d4f591c449819726a7ae3e711e6cc584066d56b97cf8637b340c7e0e7dbc627544b23ec60d58b8693ef8ab01e9e59, 'Jeans', 2, 200, 100, 200, 1, 1, '2019-03-26 17:15:06');

-- --------------------------------------------------------

--
-- Table structure for table `subcategory_table`
--

CREATE TABLE `subcategory_table` (
  `id` int(11) NOT NULL,
  `subcatg_name` varchar(55) NOT NULL,
  `catg_id` int(11) NOT NULL
) ENGINE=InnoDB DEFAULT CHARSET=latin1;

--
-- Dumping data for table `subcategory_table`
--

INSERT INTO `subcategory_table` (`id`, `subcatg_name`, `catg_id`) VALUES
(3, 'Men\'s', 1),
(4, 'Ladies', 1),
(5, 'Novels', 4),
(6, 'Poetry', 4),
(7, 'Science Fictional', 4),
(8, 'Mobiles', 5),
(9, 'Televisions', 5),
(10, 'Laptops', 5),
(11, 'Washing Machine', 5),
(12, 'Car', 3),
(13, 'Bus', 3),
(14, 'Bikes', 3),
(15, 'Sofa', 9),
(16, 'Beds', 9);

-- --------------------------------------------------------

--
-- Table structure for table `test1_table`
--

CREATE TABLE `test1_table` (
  `id` int(11) NOT NULL,
  `catg_id` int(11) NOT NULL,
  `subcatg_id` int(11) NOT NULL,
  `brand_id` int(11) NOT NULL,
  `product_name` varchar(255) NOT NULL,
  `product_image` varchar(255) NOT NULL,
  `product_qty` smallint(6) NOT NULL,
  `product_sp` mediumint(9) NOT NULL,
  `product_cp` mediumint(9) NOT NULL,
  `product_profit` mediumint(9) NOT NULL
) ENGINE=InnoDB DEFAULT CHARSET=latin1;

--
-- Dumping data for table `test1_table`
--

INSERT INTO `test1_table` (`id`, `catg_id`, `subcatg_id`, `brand_id`, `product_name`, `product_image`, `product_qty`, `product_sp`, `product_cp`, `product_profit`) VALUES
(47, 10, 4, 1, 'Black', '48379463_345373692940806_5561558120867561472_n.jpg', 1, 1200, 1000, 200),
(48, 5, 10, 6, 'Laptop', '12039452_525963140912391_6353341236808813360_n.png', 1, 30000, 25000, 5000),
(49, 11, 8, 7, 'Mobile', '1552670517_sumsung galaxy s8.png', 10, 10000, 8000, 20000),
(50, 5, 0, 2, 'Camera', 'camera.jpg', 2, 50000, 40000, 20000),
(51, 1, 3, 4, 'Jacket', '2012-Winter-Sweater-for-Men-for-better-outlook.jpg', 1, 2000, 1500, 500),
(52, 11, 8, 12, 'iPad', 'ipad.jpg', 1, 60000, 50000, 10000),
(53, 1, 3, 1, 'Track', '41OJZebRUoL._SL246_SX190_CR0,0,190,246_.jpg', 1, 800, 500, 300),
(54, 9, 16, 11, 'Bed', 'cache-furnitures-ltd-cot-j6619q-wos-60x75.jpg', 1, 10000, 8000, 2000),
(55, 9, 15, 0, 'Chair', 'office5.jpg', 1, 5000, 3500, 1500),
(56, 5, 0, 7, 'Mixture', 'singer-mixer-grinder-mg-46-medium_4bfa018096c25dec7ba0af40662856ef.jpg', 2, 2000, 1000, 2000),
(57, 5, 0, 8, 'Iron', 'iron.JPG', 1, 2000, 1000, 1000),
(58, 9, 15, 11, 'Sofa', 'storage-cot-wardrobes-doors-office-furnitures-250x250.png', 1, 12000, 10000, 2000),
(59, 1, 3, 11, 'Jacket', 'Winter-fashion-men-burst-sweater.png', 1, 1000, 200, 800);

--
-- Indexes for dumped tables
--

--
-- Indexes for table `admin`
--
ALTER TABLE `admin`
  ADD PRIMARY KEY (`id`);

--
-- Indexes for table `brand_table`
--
ALTER TABLE `brand_table`
  ADD PRIMARY KEY (`id`),
  ADD KEY `catg_id` (`catg_id`),
  ADD KEY `brand_name` (`brand_name`);

--
-- Indexes for table `category_data`
--
ALTER TABLE `category_data`
  ADD PRIMARY KEY (`id`);

--
-- Indexes for table `category_table`
--
ALTER TABLE `category_table`
  ADD PRIMARY KEY (`id`),
  ADD UNIQUE KEY `catg_name` (`catg_name`),
  ADD UNIQUE KEY `catg_name_2` (`catg_name`);

--
-- Indexes for table `product_table`
--
ALTER TABLE `product_table`
  ADD PRIMARY KEY (`product_id`),
  ADD KEY `catg_id` (`catg_id`),
  ADD KEY `brand_id` (`brand_id`);

--
-- Indexes for table `subcategory_table`
--
ALTER TABLE `subcategory_table`
  ADD PRIMARY KEY (`id`),
  ADD KEY `catg_id` (`catg_id`);

--
-- Indexes for table `test1_table`
--
ALTER TABLE `test1_table`
  ADD PRIMARY KEY (`id`);

--
-- AUTO_INCREMENT for dumped tables
--

--
-- AUTO_INCREMENT for table `admin`
--
ALTER TABLE `admin`
  MODIFY `id` int(11) NOT NULL AUTO_INCREMENT, AUTO_INCREMENT=3;

--
-- AUTO_INCREMENT for table `brand_table`
--
ALTER TABLE `brand_table`
  MODIFY `id` int(11) NOT NULL AUTO_INCREMENT, AUTO_INCREMENT=13;

--
-- AUTO_INCREMENT for table `category_data`
--
ALTER TABLE `category_data`
  MODIFY `id` int(244) NOT NULL AUTO_INCREMENT, AUTO_INCREMENT=55;

--
-- AUTO_INCREMENT for table `category_table`
--
ALTER TABLE `category_table`
  MODIFY `id` int(11) NOT NULL AUTO_INCREMENT, AUTO_INCREMENT=14;

--
-- AUTO_INCREMENT for table `product_table`
--
ALTER TABLE `product_table`
  MODIFY `product_id` int(11) NOT NULL AUTO_INCREMENT, AUTO_INCREMENT=7;

--
-- AUTO_INCREMENT for table `subcategory_table`
--
ALTER TABLE `subcategory_table`
  MODIFY `id` int(11) NOT NULL AUTO_INCREMENT, AUTO_INCREMENT=17;

--
-- AUTO_INCREMENT for table `test1_table`
--
ALTER TABLE `test1_table`
  MODIFY `id` int(11) NOT NULL AUTO_INCREMENT, AUTO_INCREMENT=60;

--
-- Constraints for dumped tables
--

--
-- Constraints for table `brand_table`
--
ALTER TABLE `brand_table`
  ADD CONSTRAINT `brand_table_ibfk_1` FOREIGN KEY (`catg_id`) REFERENCES `category_table` (`id`);

--
-- Constraints for table `product_table`
--
ALTER TABLE `product_table`
  ADD CONSTRAINT `product_table_ibfk_2` FOREIGN KEY (`catg_id`) REFERENCES `category_table` (`id`),
  ADD CONSTRAINT `product_table_ibfk_3` FOREIGN KEY (`brand_id`) REFERENCES `brand_table` (`id`);

--
-- Constraints for table `subcategory_table`
--
ALTER TABLE `subcategory_table`
  ADD CONSTRAINT `subcategory_table_ibfk_1` FOREIGN KEY (`catg_id`) REFERENCES `category_table` (`id`);
COMMIT;

/*!40101 SET CHARACTER_SET_CLIENT=@OLD_CHARACTER_SET_CLIENT */;
/*!40101 SET CHARACTER_SET_RESULTS=@OLD_CHARACTER_SET_RESULTS */;
/*!40101 SET COLLATION_CONNECTION=@OLD_COLLATION_CONNECTION */;
